date,open,high,low,close,volume,openinterest
2018-12-27,5385.6,5385.6,5385.6,5385.6,0,0
2018-12-26,5349.2,5349.2,5349.2,5349.2,0,0
2018-12-24,5300.1,5300.1,5300.1,5300.1,0,0
2018-12-23,5281.8,5281.8,5281.8,5281.8,0,0
2018-12-20,5265.3,5265.3,5265.3,5265.3,0,0
2018-12-19,5242.6,5242.6,5242.6,5242.6,0,0
2018-12-18,5233.6,5233.6,5233.6,5233.6,0,0
2018-12-17,5218.0,5218.0,5218.0,5218.0,0,0
2018-12-13,5251.0,5251.0,5251.0,5251.0,0,0
2018-12-12,5265.8,5265.8,5265.8,5265.8,0,0
2018-12-11,5275.8,5275.8,5275.8,5275.8,0,0
2018-12-10,5295.7,5295.7,5295.7,5295.7,0,0
2018-12-09,5306.2,5306.2,5306.2,5306.2,0,0
2018-12-06,5332.8,5332.8,5332.8,5332.8,0,0
2018-12-05,5361.1,5361.1,5361.1,5361.1,0,0
2018-12-04,5345.4,5345.4,5345.4,5345.4,0,0
2018-12-03,5296.6,5296.6,5296.6,5296.6,0,0
2018-12-02,5290.8,5290.8,5290.8,5290.8,0,0
2018-11-29,5281.3,5281.3,5281.3,5281.3,0,0
2018-11-28,5286.7,5286.7,5286.7,5286.7,0,0
2018-11-27,5288.5,5288.5,5288.5,5288.5,0,0
2018-11-26,5279.3,5279.3,5279.3,5279.3,0,0
2018-11-25,5276.2,5276.2,5276.2,5276.2,0,0
2018-11-22,5306.0,5306.0,5306.0,5306.0,0,0
2018-11-20,5298.8,5298.8,5298.8,5298.8,0,0
2018-11-19,5257.1,5257.1,5257.1,5257.1,0,0
2018-11-18,5256.1,5256.1,5256.1,5256.1,0,0
2018-11-15,5244.6,5244.6,5244.6,5244.6,0,0
2018-11-14,5245.6,5245.6,5245.6,5245.6,0,0
2018-11-13,5258.6,5258.6,5258.6,5258.6,0,0
2018-11-12,5239.1,5239.1,5239.1,5239.1,0,0
2018-11-11,5279.0,5279.0,5279.0,5279.0,0,0
2018-11-08,5259.1,5259.1,5259.1,5259.1,0,0
2018-11-07,5242.2,5242.2,5242.2,5242.2,0,0
2018-11-06,5204.4,5204.4,5204.4,5204.4,0,0
2018-11-05,5224.9,5224.9,5224.9,5224.9,0,0
2018-11-04,5239.0,5239.0,5239.0,5239.0,0,0
2018-11-01,5258.5,5258.5,5258.5,5258.5,0,0
2018-10-31,5284.1,5284.1,5284.1,5284.1,0,0
2018-10-30,5299.1,5299.1,5299.1,5299.1,0,0
2018-10-29,5246.5,5246.5,5246.5,5246.5,0,0
2018-10-28,5212.2,5212.2,5212.2,5212.2,0,0
2018-10-25,5282.0,5282.0,5282.0,5282.0,0,0
2018-10-24,5276.3,5276.3,5276.3,5276.3,0,0
2018-10-23,5252.7,5252.7,5252.7,5252.7,0,0
2018-10-22,5252.0,5252.0,5252.0,5252.0,0,0
2018-10-21,5331.2,5331.2,5331.2,5331.2,0,0
2018-10-18,5381.5,5381.5,5381.5,5381.5,0,0
2018-10-17,5380.8,5380.8,5380.8,5380.8,0,0
2018-10-16,5399.9,5399.9,5399.9,5399.9,0,0
2018-10-15,5384.4,5384.4,5384.4,5384.4,0,0
2018-10-14,5446.4,5446.4,5446.4,5446.4,0,0
2018-10-11,5435.0,5435.0,5435.0,5435.0,0,0
2018-10-10,5436.2,5436.2,5436.2,5436.2,0,0
2018-10-09,5455.8,5455.8,5455.8,5455.8,0,0
2018-10-08,5440.9,5440.9,5440.9,5440.9,0,0
2018-10-07,5410.8,5410.8,5410.8,5410.8,0,0
2018-10-04,5418.3,5418.3,5418.3,5418.3,0,0
2018-10-03,5422.7,5422.7,5422.7,5422.7,0,0
2018-10-02,5380.9,5380.9,5380.9,5380.9,0,0
2018-10-01,5369.9,5369.9,5369.9,5369.9,0,0
2018-09-30,5369.0,5369.0,5369.0,5369.0,0,0
2018-09-27,5342.9,5342.9,5342.9,5342.9,0,0
2018-09-26,5390.9,5390.9,5390.9,5390.9,0,0
2018-09-25,5386.9,5386.9,5386.9,5386.9,0,0
2018-09-24,5357.5,5357.5,5357.5,5357.5,0,0
2018-09-23,5415.2,5415.2,5415.2,5415.2,0,0
2018-09-20,5467.1,5467.1,5467.1,5467.1,0,0
2018-09-19,5516.5,5516.5,5516.5,5516.5,0,0
2018-09-18,5472.6,5472.6,5472.6,5472.6,0,0
2018-09-17,5443.8,5443.8,5443.8,5443.8,0,0
2018-09-16,5464.2,5464.2,5464.2,5464.2,0,0
2018-09-13,5500.6,5500.6,5500.6,5500.6,0,0
2018-09-12,5528.9,5528.9,5528.9,5528.9,0,0
2018-09-11,5543.9,5543.9,5543.9,5543.9,0,0
2018-09-10,5540.1,5540.1,5540.1,5540.1,0,0
2018-09-09,5549.8,5549.8,5549.8,5549.8,0,0
2018-09-06,5574.2,5574.2,5574.2,5574.2,0,0
2018-09-05,5562.2,5562.2,5562.2,5562.2,0,0
2018-09-04,5552.8,5552.8,5552.8,5552.8,0,0
2018-09-03,5590.4,5590.4,5590.4,5590.4,0,0
2018-08-30,5600.6,5600.6,5600.6,5600.6,0,0
2018-08-29,5610.8,5610.8,5610.8,5610.8,0,0
2018-08-28,5619.4,5619.4,5619.4,5619.4,0,0
2018-08-27,5585.0,5585.0,5585.0,5585.0,0,0
2018-08-26,5596.9,5596.9,5596.9,5596.9,0,0
2018-08-20,5571.2,5571.2,5571.2,5571.2,0,0
2018-08-19,5538.5,5538.5,5538.5,5538.5,0,0
2018-08-16,5467.7,5467.7,5467.7,5467.7,0,0
2018-08-14,5408.5,5408.5,5408.5,5408.5,0,0
2018-08-13,5378.7,5378.7,5378.7,5378.7,0,0
2018-08-12,5407.2,5407.2,5407.2,5407.2,0,0
2018-08-09,5407.0,5407.0,5407.0,5407.0,0,0
2018-08-08,5406.0,5406.0,5406.0,5406.0,0,0
2018-08-07,5381.9,5381.9,5381.9,5381.9,0,0
2018-08-06,5353.4,5353.4,5353.4,5353.4,0,0
2018-08-05,5357.0,5357.0,5357.0,5357.0,0,0
2018-08-02,5399.8,5399.8,5399.8,5399.8,0,0
2018-08-01,5348.2,5348.2,5348.2,5348.2,0,0
2018-07-31,5302.6,5302.6,5302.6,5302.6,0,0
2018-07-30,5262.9,5262.9,5262.9,5262.9,0,0
2018-07-29,5280.1,5280.1,5280.1,5280.1,0,0
2018-07-26,5305.2,5305.2,5305.2,5305.2,0,0
2018-07-25,5319.4,5319.4,5319.4,5319.4,0,0
2018-07-24,5335.4,5335.4,5335.4,5335.4,0,0
2018-07-23,5348.1,5348.1,5348.1,5348.1,0,0
2018-07-22,5339.2,5339.2,5339.2,5339.2,0,0
2018-07-19,5337.4,5337.4,5337.4,5337.4,0,0
2018-07-18,5334.2,5334.2,5334.2,5334.2,0,0
2018-07-17,5325.5,5325.5,5325.5,5325.5,0,0
2018-07-16,5339.9,5339.9,5339.9,5339.9,0,0
2018-07-15,5336.7,5336.7,5336.7,5336.7,0,0
2018-07-12,5358.9,5358.9,5358.9,5358.9,0,0
2018-07-11,5379.2,5379.2,5379.2,5379.2,0,0
2018-07-10,5371.3,5371.3,5371.3,5371.3,0,0
2018-07-09,5341.3,5341.3,5341.3,5341.3,0,0
2018-07-08,5366.0,5366.0,5366.0,5366.0,0,0
2018-07-05,5362.3,5362.3,5362.3,5362.3,0,0
2018-07-04,5309.1,5309.1,5309.1,5309.1,0,0
2018-07-03,5273.2,5273.2,5273.2,5273.2,0,0
2018-07-02,5322.4,5322.4,5322.4,5322.4,0,0
2018-06-28,5405.5,5405.5,5405.5,5405.5,0,0
2018-06-27,5429.0,5429.0,5429.0,5429.0,0,0
2018-06-26,5411.3,5411.3,5411.3,5411.3,0,0
2018-06-25,5433.8,5433.8,5433.8,5433.8,0,0
2018-06-24,5522.0,5522.0,5522.0,5522.0,0,0
2018-06-21,5441.8,5441.8,5441.8,5441.8,0,0
2018-06-20,5384.9,5384.9,5384.9,5384.9,0,0
2018-06-19,5345.0,5345.0,5345.0,5345.0,0,0
2018-06-18,5341.3,5341.3,5341.3,5341.3,0,0
2018-06-12,5365.2,5365.2,5365.2,5365.2,0,0
2018-06-11,5326.4,5326.4,5326.4,5326.4,0,0
2018-06-10,5323.3,5323.3,5323.3,5323.3,0,0
2018-06-07,5366.7,5366.7,5366.7,5366.7,0,0
2018-06-06,5398.8,5398.8,5398.8,5398.8,0,0
2018-06-05,5346.8,5346.8,5346.8,5346.8,0,0
2018-06-04,5313.7,5313.7,5313.7,5313.7,0,0
2018-06-03,5317.0,5317.0,5317.0,5317.0,0,0
2018-05-31,5343.9,5343.9,5343.9,5343.9,0,0
2018-05-30,5395.8,5395.8,5395.8,5395.8,0,0
2018-05-29,5409.7,5409.7,5409.7,5409.7,0,0
2018-05-28,5417.4,5417.4,5417.4,5417.4,0,0
2018-05-27,5456.8,5456.8,5456.8,5456.8,0,0
2018-05-24,5429.7,5429.7,5429.7,5429.7,0,0
2018-05-23,5361.1,5361.1,5361.1,5361.1,0,0
2018-05-22,5391.9,5391.9,5391.9,5391.9,0,0
2018-05-21,5413.3,5413.3,5413.3,5413.3,0,0
2018-05-20,5390.7,5390.7,5390.7,5390.7,0,0
2018-05-17,5443.3,5443.3,5443.3,5443.3,0,0
2018-05-16,5511.8,5511.8,5511.8,5511.8,0,0
2018-05-15,5548.9,5548.9,5548.9,5548.9,0,0
2018-05-14,5557.6,5557.6,5557.6,5557.6,0,0
2018-05-13,5558.7,5558.7,5558.7,5558.7,0,0
2018-05-10,5587.2,5587.2,5587.2,5587.2,0,0
2018-05-09,5627.3,5627.3,5627.3,5627.3,0,0
2018-05-08,5642.5,5642.5,5642.5,5642.5,0,0
2018-05-07,5683.5,5683.5,5683.5,5683.5,0,0
2018-05-06,5694.3,5694.3,5694.3,5694.3,0,0
2018-05-03,5698.7,5698.7,5698.7,5698.7,0,0
2018-04-30,5739.2,5739.2,5739.2,5739.2,0,0
2018-04-26,5813.8,5813.8,5813.8,5813.8,0,0
2018-04-25,5802.0,5802.0,5802.0,5802.0,0,0
2018-04-24,5777.4,5777.4,5777.4,5777.4,0,0
2018-04-23,5806.1,5806.1,5806.1,5806.1,0,0
2018-04-22,5813.3,5813.3,5813.3,5813.3,0,0
2018-04-19,5843.5,5843.5,5843.5,5843.5,0,0
2018-04-18,5823.0,5823.0,5823.0,5823.0,0,0
2018-04-17,5778.0,5778.0,5778.0,5778.0,0,0
2018-04-16,5784.7,5784.7,5784.7,5784.7,0,0
2018-04-15,5773.6,5773.6,5773.6,5773.6,0,0
2018-04-12,5813.1,5813.1,5813.1,5813.1,0,0
2018-04-11,5833.3,5833.3,5833.3,5833.3,0,0
2018-04-10,5859.6,5859.6,5859.6,5859.6,0,0
2018-04-09,5879.4,5879.4,5879.4,5879.4,0,0
2018-04-08,5865.4,5865.4,5865.4,5865.4,0,0
2018-04-05,5841.2,5841.2,5841.2,5841.2,0,0
2018-04-04,5793.1,5793.1,5793.1,5793.1,0,0
2018-04-03,5790.3,5790.3,5790.3,5790.3,0,0
2018-04-02,5827.5,5827.5,5827.5,5827.5,0,0
2018-04-01,5747.1,5747.1,5747.1,5747.1,0,0
2018-03-29,5597.4,5597.4,5597.4,5597.4,0,0
2018-03-28,5488.9,5488.9,5488.9,5488.9,0,0
2018-03-27,5491.8,5491.8,5491.8,5491.8,0,0
2018-03-25,5570.2,5570.2,5570.2,5570.2,0,0
2018-03-22,5580.6,5580.6,5580.6,5580.6,0,0
2018-03-21,5572.1,5572.1,5572.1,5572.1,0,0
2018-03-20,5648.9,5648.9,5648.9,5648.9,0,0
2018-03-19,5663.8,5663.8,5663.8,5663.8,0,0
2018-03-18,5721.7,5721.7,5721.7,5721.7,0,0
2018-03-15,5720.6,5720.6,5720.6,5720.6,0,0
2018-03-14,5635.1,5635.1,5635.1,5635.1,0,0
2018-03-13,5623.6,5623.6,5623.6,5623.6,0,0
2018-03-12,5705.6,5705.6,5705.6,5705.6,0,0
2018-03-11,5773.4,5773.4,5773.4,5773.4,0,0
2018-03-08,5828.0,5828.0,5828.0,5828.0,0,0
2018-03-07,5822.2,5822.2,5822.2,5822.2,0,0
2018-03-06,5847.8,5847.8,5847.8,5847.8,0,0
2018-03-05,5835.3,5835.3,5835.3,5835.3,0,0
2018-03-04,5883.4,5883.4,5883.4,5883.4,0,0
2018-03-01,5870.8,5870.8,5870.8,5870.8,0,0
2018-02-28,5804.9,5804.9,5804.9,5804.9,0,0
2018-02-27,5798.4,5798.4,5798.4,5798.4,0,0
2018-02-26,5774.6,5774.6,5774.6,5774.6,0,0
2018-02-25,5832.1,5832.1,5832.1,5832.1,0,0
2018-02-22,5907.0,5907.0,5907.0,5907.0,0,0
2018-02-20,5909.0,5909.0,5909.0,5909.0,0,0
2018-02-19,5940.2,5940.2,5940.2,5940.2,0,0
2018-02-18,5950.8,5950.8,5950.8,5950.8,0,0
2018-02-15,6050.2,6050.2,6050.2,6050.2,0,0
2018-02-14,6102.3,6102.3,6102.3,6102.3,0,0
2018-02-13,6088.4,6088.4,6088.4,6088.4,0,0
2018-02-12,6082.3,6082.3,6082.3,6082.3,0,0
2018-02-11,6094.0,6094.0,6094.0,6094.0,0,0
2018-02-08,5965.6,5965.6,5965.6,5965.6,0,0
2018-02-07,5936.3,5936.3,5936.3,5936.3,0,0
2018-02-06,5949.2,5949.2,5949.2,5949.2,0,0
2018-02-05,5869.8,5869.8,5869.8,5869.8,0,0
2018-02-04,5888.3,5888.3,5888.3,5888.3,0,0
2018-02-01,6021.4,6021.4,6021.4,6021.4,0,0
2018-01-31,6039.8,6039.8,6039.8,6039.8,0,0
2018-01-30,6127.8,6127.8,6127.8,6127.8,0,0
2018-01-29,6176.4,6176.4,6176.4,6176.4,0,0
2018-01-28,6144.7,6144.7,6144.7,6144.7,0,0
2018-01-25,6215.8,6215.8,6215.8,6215.8,0,0
2018-01-24,6200.7,6200.7,6200.7,6200.7,0,0
2018-01-23,6206.7,6206.7,6206.7,6206.7,0,0
2018-01-22,6195.0,6195.0,6195.0,6195.0,0,0
2018-01-21,6147.2,6147.2,6147.2,6147.2,0,0
2018-01-18,6122.2,6122.2,6122.2,6122.2,0,0
2018-01-17,6098.3,6098.3,6098.3,6098.3,0,0
2018-01-16,6128.8,6128.8,6128.8,6128.8,0,0
2018-01-15,6057.9,6057.9,6057.9,6057.9,0,0
2018-01-14,6117.9,6117.9,6117.9,6117.9,0,0
2018-01-11,6179.3,6179.3,6179.3,6179.3,0,0
2018-01-10,6172.4,6172.4,6172.4,6172.4,0,0
2018-01-09,6198.5,6198.5,6198.5,6198.5,0,0
2018-01-08,6210.5,6210.5,6210.5,6210.5,0,0
2018-01-07,6268.4,6268.4,6268.4,6268.4,0,0
2018-01-04,6302.8,6302.8,6302.8,6302.8,0,0
2018-01-03,6318.3,6318.3,6318.3,6318.3,0,0
2018-01-02,6280.0,6280.0,6280.0,6280.0,0,0
2018-01-01,6254.4,6254.4,6254.4,6254.4,0,0
2017-12-28,6244.5,6244.5,6244.5,6244.5,0,0
2017-12-27,6186.5,6186.5,6186.5,6186.5,0,0
2017-12-26,6167.6,6167.6,6167.6,6167.6,0,0
2017-12-24,6159.3,6159.3,6159.3,6159.3,0,0
2017-12-21,6182.8,6182.8,6182.8,6182.8,0,0
2017-12-20,6196.5,6196.5,6196.5,6196.5,0,0
2017-12-19,6228.7,6228.7,6228.7,6228.7,0,0
2017-12-18,6224.6,6224.6,6224.6,6224.6,0,0
2017-12-17,6213.1,6213.1,6213.1,6213.1,0,0
2017-12-14,6230.0,6230.0,6230.0,6230.0,0,0
2017-12-13,6224.1,6224.1,6224.1,6224.1,0,0
2017-12-12,6251.6,6251.6,6251.6,6251.6,0,0
2017-12-11,6196.7,6196.7,6196.7,6196.7,0,0
2017-12-10,6204.4,6204.4,6204.4,6204.4,0,0
2017-12-07,6248.2,6248.2,6248.2,6248.2,0,0
2017-12-06,6266.3,6266.3,6266.3,6266.3,0,0
2017-12-05,6286.8,6286.8,6286.8,6286.8,0,0
2017-12-04,6262.8,6262.8,6262.8,6262.8,0,0
2017-12-03,6296.2,6296.2,6296.2,6296.2,0,0
2017-11-30,6306.9,6306.9,6306.9,6306.9,0,0
2017-11-29,6278.6,6278.6,6278.6,6278.6,0,0
2017-11-28,6272.6,6272.6,6272.6,6272.6,0,0
2017-11-27,6302.5,6302.5,6302.5,6302.5,0,0
2017-11-26,6336.9,6336.9,6336.9,6336.9,0,0
2017-11-23,6322.5,6322.5,6322.5,6322.5,0,0
2017-11-22,6289.3,6289.3,6289.3,6289.3,0,0
2017-11-21,6281.9,6281.9,6281.9,6281.9,0,0
2017-11-20,6319.1,6319.1,6319.1,6319.1,0,0
2017-11-19,6307.0,6307.0,6307.0,6307.0,0,0
2017-11-16,6282.1,6282.1,6282.1,6282.1,0,0
2017-11-15,6235.7,6235.7,6235.7,6235.7,0,0
2017-11-14,6252.1,6252.1,6252.1,6252.1,0,0
2017-11-13,6216.6,6216.6,6216.6,6216.6,0,0
2017-11-12,6223.8,6223.8,6223.8,6223.8,0,0
2017-11-09,6193.6,6193.6,6193.6,6193.6,0,0
2017-11-08,6159.1,6159.1,6159.1,6159.1,0,0
2017-11-07,6129.7,6129.7,6129.7,6129.7,0,0
2017-11-06,6104.5,6104.5,6104.5,6104.5,0,0
2017-11-05,6073.0,6073.0,6073.0,6073.0,0,0
2017-11-02,6099.0,6099.0,6099.0,6099.0,0,0
2017-11-01,6072.3,6072.3,6072.3,6072.3,0,0
2017-10-31,6019.6,6019.6,6019.6,6019.6,0,0
2017-10-30,5996.2,5996.2,5996.2,5996.2,0,0
2017-10-29,5995.4,5995.4,5995.4,5995.4,0,0
2017-10-26,6018.3,6018.3,6018.3,6018.3,0,0
2017-10-25,6001.5,6001.5,6001.5,6001.5,0,0
2017-10-24,5968.0,5968.0,5968.0,5968.0,0,0
2017-10-23,5982.0,5982.0,5982.0,5982.0,0,0
2017-10-22,6041.2,6041.2,6041.2,6041.2,0,0
2017-10-19,6039.6,6039.6,6039.6,6039.6,0,0
2017-10-18,6025.3,6025.3,6025.3,6025.3,0,0
2017-10-17,6031.7,6031.7,6031.7,6031.7,0,0
2017-10-16,6013.8,6013.8,6013.8,6013.8,0,0
2017-10-15,6008.9,6008.9,6008.9,6008.9,0,0
2017-10-12,6064.4,6064.4,6064.4,6064.4,0,0
2017-10-11,6108.6,6108.6,6108.6,6108.6,0,0
2017-10-10,6141.8,6141.8,6141.8,6141.8,0,0
2017-10-09,6128.9,6128.9,6128.9,6128.9,0,0
2017-10-08,6205.5,6205.5,6205.5,6205.5,0,0
2017-10-05,6202.3,6202.3,6202.3,6202.3,0,0
2017-10-04,6160.0,6160.0,6160.0,6160.0,0,0
2017-10-03,6133.2,6133.2,6133.2,6133.2,0,0
2017-10-02,6093.0,6093.0,6093.0,6093.0,0,0
2017-09-28,6092.8,6092.8,6092.8,6092.8,0,0
2017-09-27,6079.3,6079.3,6079.3,6079.3,0,0
2017-09-26,6104.3,6104.3,6104.3,6104.3,0,0
2017-09-25,6106.2,6106.2,6106.2,6106.2,0,0
2017-09-24,6165.3,6165.3,6165.3,6165.3,0,0
2017-09-21,6170.5,6170.5,6170.5,6170.5,0,0
2017-09-20,6172.9,6172.9,6172.9,6172.9,0,0
2017-09-19,6236.6,6236.6,6236.6,6236.6,0,0
2017-09-18,6235.9,6235.9,6235.9,6235.9,0,0
2017-09-17,6240.6,6240.6,6240.6,6240.6,0,0
2017-09-14,6203.9,6203.9,6203.9,6203.9,0,0
2017-09-13,6184.6,6184.6,6184.6,6184.6,0,0
2017-09-12,6149.4,6149.4,6149.4,6149.4,0,0
2017-09-11,6151.2,6151.2,6151.2,6151.2,0,0
2017-09-10,6167.5,6167.5,6167.5,6167.5,0,0
2017-09-07,6115.0,6115.0,6115.0,6115.0,0,0
2017-09-06,6069.2,6069.2,6069.2,6069.2,0,0
2017-09-05,6083.0,6083.0,6083.0,6083.0,0,0
2017-09-04,6038.4,6038.4,6038.4,6038.4,0,0
2017-08-31,6006.4,6006.4,6006.4,6006.4,0,0
2017-08-30,5973.9,5973.9,5973.9,5973.9,0,0
2017-08-29,5948.5,5948.5,5948.5,5948.5,0,0
2017-08-28,5947.2,5947.2,5947.2,5947.2,0,0
2017-08-27,5915.4,5915.4,5915.4,5915.4,0,0
2017-08-24,5885.4,5885.4,5885.4,5885.4,0,0
2017-08-23,5855.9,5855.9,5855.9,5855.9,0,0
2017-08-22,5862.3,5862.3,5862.3,5862.3,0,0
2017-08-21,5844.1,5844.1,5844.1,5844.1,0,0
2017-08-20,5819.3,5819.3,5819.3,5819.3,0,0
2017-08-17,5861.1,5861.1,5861.1,5861.1,0,0
2017-08-16,5883.2,5883.2,5883.2,5883.2,0,0
2017-08-13,5921.6,5921.6,5921.6,5921.6,0,0
2017-08-10,5901.8,5901.8,5901.8,5901.8,0,0
2017-08-09,5890.1,5890.1,5890.1,5890.1,0,0
2017-08-08,5897.7,5897.7,5897.7,5897.7,0,0
2017-08-07,5913.6,5913.6,5913.6,5913.6,0,0
2017-08-06,5907.6,5907.6,5907.6,5907.6,0,0
2017-08-03,5880.4,5880.4,5880.4,5880.4,0,0
2017-08-02,5891.2,5891.2,5891.2,5891.2,0,0
2017-08-01,5876.3,5876.3,5876.3,5876.3,0,0
2017-07-31,5860.6,5860.6,5860.6,5860.6,0,0
2017-07-30,5802.0,5802.0,5802.0,5802.0,0,0
2017-07-27,5815.1,5815.1,5815.1,5815.1,0,0
2017-07-26,5824.4,5824.4,5824.4,5824.4,0,0
2017-07-25,5801.9,5801.9,5801.9,5801.9,0,0
2017-07-24,5798.1,5798.1,5798.1,5798.1,0,0
2017-07-23,5775.6,5775.6,5775.6,5775.6,0,0
2017-07-20,5782.5,5782.5,5782.5,5782.5,0,0
2017-07-19,5775.6,5775.6,5775.6,5775.6,0,0
2017-07-18,5819.3,5819.3,5819.3,5819.3,0,0
2017-07-17,5824.4,5824.4,5824.4,5824.4,0,0
2017-07-16,5844.7,5844.7,5844.7,5844.7,0,0
2017-07-13,5834.9,5834.9,5834.9,5834.9,0,0
2017-07-12,5790.8,5790.8,5790.8,5790.8,0,0
2017-07-11,5830.8,5830.8,5830.8,5830.8,0,0
2017-07-10,5827.2,5827.2,5827.2,5827.2,0,0
2017-07-09,5774.3,5774.3,5774.3,5774.3,0,0
2017-07-06,5749.7,5749.7,5749.7,5749.7,0,0
2017-07-05,5782.7,5782.7,5782.7,5782.7,0,0
2017-07-04,5760.5,5760.5,5760.5,5760.5,0,0
2017-07-03,5726.4,5726.4,5726.4,5726.4,0,0
2017-07-02,5654.6,5654.6,5654.6,5654.6,0,0
2017-06-29,5656.0,5656.0,5656.0,5656.0,0,0
2017-06-28,5646.3,5646.3,5646.3,5646.3,0,0
2017-06-22,5599.1,5599.1,5599.1,5599.1,0,0
2017-06-21,5567.7,5567.7,5567.7,5567.7,0,0
2017-06-20,5527.2,5527.2,5527.2,5527.2,0,0
2017-06-19,5478.8,5478.8,5478.8,5478.8,0,0
2017-06-18,5461.6,5461.6,5461.6,5461.6,0,0
2017-06-15,5468.3,5468.3,5468.3,5468.3,0,0
2017-06-14,5459.7,5459.7,5459.7,5459.7,0,0
2017-06-13,5454.8,5454.8,5454.8,5454.8,0,0
2017-06-12,5450.1,5450.1,5450.1,5450.1,0,0
2017-06-11,5455.2,5455.2,5455.2,5455.2,0,0
2017-06-08,5475.7,5475.7,5475.7,5475.7,0,0
2017-06-07,5489.9,5489.9,5489.9,5489.9,0,0
2017-06-06,5500.7,5500.7,5500.7,5500.7,0,0
2017-06-05,5482.5,5482.5,5482.5,5482.5,0,0
2017-06-04,5444.0,5444.0,5444.0,5444.0,0,0
2017-06-01,5438.7,5438.7,5438.7,5438.7,0,0
2017-05-31,5403.1,5403.1,5403.1,5403.1,0,0
2017-05-30,5373.3,5373.3,5373.3,5373.3,0,0
2017-05-29,5356.6,5356.6,5356.6,5356.6,0,0
2017-05-28,5372.9,5372.9,5372.9,5372.9,0,0
2017-05-25,5413.8,5413.8,5413.8,5413.8,0,0
2017-05-24,5412.7,5412.7,5412.7,5412.7,0,0
2017-05-23,5394.8,5394.8,5394.8,5394.8,0,0
2017-05-22,5385.4,5385.4,5385.4,5385.4,0,0
2017-05-21,5363.7,5363.7,5363.7,5363.7,0,0
2017-05-18,5399.7,5399.7,5399.7,5399.7,0,0
2017-05-17,5429.7,5429.7,5429.7,5429.7,0,0
2017-05-16,5435.7,5435.7,5435.7,5435.7,0,0
2017-05-15,5428.1,5428.1,5428.1,5428.1,0,0
2017-05-14,5460.1,5460.1,5460.1,5460.1,0,0
2017-05-11,5496.2,5496.2,5496.2,5496.2,0,0
2017-05-09,5511.1,5511.1,5511.1,5511.1,0,0
2017-05-08,5529.5,5529.5,5529.5,5529.5,0,0
2017-05-07,5533.4,5533.4,5533.4,5533.4,0,0
2017-05-04,5540.7,5540.7,5540.7,5540.7,0,0
2017-05-03,5545.1,5545.1,5545.1,5545.1,0,0
2017-05-02,5521.4,5521.4,5521.4,5521.4,0,0
2017-04-30,5475.6,5475.6,5475.6,5475.6,0,0
2017-04-27,5534.4,5534.4,5534.4,5534.4,0,0
2017-04-26,5517.4,5517.4,5517.4,5517.4,0,0
2017-04-25,5469.5,5469.5,5469.5,5469.5,0,0
2017-04-24,5435.6,5435.6,5435.6,5435.6,0,0
2017-04-23,5438.2,5438.2,5438.2,5438.2,0,0
2017-04-20,5521.7,5521.7,5521.7,5521.7,0,0
2017-04-19,5555.1,5555.1,5555.1,5555.1,0,0
2017-04-18,5571.5,5571.5,5571.5,5571.5,0,0
2017-04-17,5596.1,5596.1,5596.1,5596.1,0,0
2017-04-16,5592.8,5592.8,5592.8,5592.8,0,0
2017-04-13,5645.9,5645.9,5645.9,5645.9,0,0
2017-04-12,5646.4,5646.4,5646.4,5646.4,0,0
2017-04-11,5683.5,5683.5,5683.5,5683.5,0,0
2017-04-10,5689.7,5689.7,5689.7,5689.7,0,0
2017-04-09,5700.8,5700.8,5700.8,5700.8,0,0
2017-04-06,5736.4,5736.4,5736.4,5736.4,0,0
2017-04-05,5756.9,5756.9,5756.9,5756.9,0,0
2017-04-04,5777.1,5777.1,5777.1,5777.1,0,0
2017-04-03,5739.3,5739.3,5739.3,5739.3,0,0
2017-04-02,5691.4,5691.4,5691.4,5691.4,0,0
2017-03-30,5719.6,5719.6,5719.6,5719.6,0,0
2017-03-29,5733.2,5733.2,5733.2,5733.2,0,0
2017-03-28,5737.4,5737.4,5737.4,5737.4,0,0
2017-03-27,5697.9,5697.9,5697.9,5697.9,0,0
2017-03-23,5726.2,5726.2,5726.2,5726.2,0,0
2017-03-22,5736.3,5736.3,5736.3,5736.3,0,0
2017-03-21,5724.9,5724.9,5724.9,5724.9,0,0
2017-03-20,5695.7,5695.7,5695.7,5695.7,0,0
2017-03-19,5695.5,5695.5,5695.5,5695.5,0,0
2017-03-16,5701.3,5701.3,5701.3,5701.3,0,0
2017-03-15,5684.3,5684.3,5684.3,5684.3,0,0
2017-03-14,5681.3,5681.3,5681.3,5681.3,0,0
2017-03-13,5659.7,5659.7,5659.7,5659.7,0,0
2017-03-12,5676.3,5676.3,5676.3,5676.3,0,0
2017-03-09,5671.6,5671.6,5671.6,5671.6,0,0
2017-03-08,5650.0,5650.0,5650.0,5650.0,0,0
2017-03-07,5622.5,5622.5,5622.5,5622.5,0,0
2017-03-06,5588.8,5588.8,5588.8,5588.8,0,0
2017-03-05,5573.1,5573.1,5573.1,5573.1,0,0
2017-03-02,5586.7,5586.7,5586.7,5586.7,0,0
2017-03-01,5597.2,5597.2,5597.2,5597.2,0,0
2017-02-28,5612.7,5612.7,5612.7,5612.7,0,0
2017-02-27,5620.2,5620.2,5620.2,5620.2,0,0
2017-02-26,5635.1,5635.1,5635.1,5635.1,0,0
2017-02-23,5625.3,5625.3,5625.3,5625.3,0,0
2017-02-22,5625.8,5625.8,5625.8,5625.8,0,0
2017-02-20,5605.0,5605.0,5605.0,5605.0,0,0
2017-02-19,5583.0,5583.0,5583.0,5583.0,0,0
2017-02-16,5590.7,5590.7,5590.7,5590.7,0,0
2017-02-15,5580.6,5580.6,5580.6,5580.6,0,0
2017-02-14,5598.7,5598.7,5598.7,5598.7,0,0
2017-02-13,5558.6,5558.6,5558.6,5558.6,0,0
2017-02-12,5546.3,5546.3,5546.3,5546.3,0,0
2017-02-09,5512.5,5512.5,5512.5,5512.5,0,0
2017-02-08,5488.2,5488.2,5488.2,5488.2,0,0
2017-02-07,5392.1,5392.1,5392.1,5392.1,0,0
2017-02-06,5363.1,5363.1,5363.1,5363.1,0,0
2017-02-05,5322.9,5322.9,5322.9,5322.9,0,0
2017-02-02,5365.1,5365.1,5365.1,5365.1,0,0
2017-02-01,5473.9,5473.9,5473.9,5473.9,0,0
2017-01-31,5468.3,5468.3,5468.3,5468.3,0,0
2017-01-30,5421.2,5421.2,5421.2,5421.2,0,0
2017-01-29,5500.9,5500.9,5500.9,5500.9,0,0
2017-01-26,5618.6,5618.6,5618.6,5618.6,0,0
2017-01-25,5621.3,5621.3,5621.3,5621.3,0,0
2017-01-24,5708.2,5708.2,5708.2,5708.2,0,0
2017-01-23,5669.8,5669.8,5669.8,5669.8,0,0
2017-01-22,5602.8,5602.8,5602.8,5602.8,0,0
2017-01-19,5534.1,5534.1,5534.1,5534.1,0,0
2017-01-18,5533.5,5533.5,5533.5,5533.5,0,0
2017-01-17,5575.5,5575.5,5575.5,5575.5,0,0
2017-01-16,5477.9,5477.9,5477.9,5477.9,0,0
2017-01-15,5422.8,5422.8,5422.8,5422.8,0,0
2017-01-12,5342.9,5342.9,5342.9,5342.9,0,0
2017-01-11,5333.9,5333.9,5333.9,5333.9,0,0
2017-01-10,5277.4,5277.4,5277.4,5277.4,0,0
2017-01-09,5214.6,5214.6,5214.6,5214.6,0,0
2017-01-08,5158.7,5158.7,5158.7,5158.7,0,0
2017-01-05,5182.2,5182.2,5182.2,5182.2,0,0
2017-01-04,5156.6,5156.6,5156.6,5156.6,0,0
2017-01-03,5137.7,5137.7,5137.7,5137.7,0,0
2017-01-02,5119.6,5119.6,5119.6,5119.6,0,0
2017-01-01,5083.9,5083.9,5083.9,5083.9,0,0