date,open,high,low,close,volume,openinterest
2019-12-30,192.2,191.2,193.8,191.1,5080,0
2019-12-29,191,190.2,194,190.2,5400,0
2019-12-26,193.2,191.8,193.8,189.1,4660,0
2019-12-24,191.8,191,192.8,190,13160,0
2019-12-23,191.6,195.5,195.5,190,14350,0
2019-12-22,196.1,198,199.6,193,19160,0
2019-12-19,197.8,199.8,202.6,197.6,19630,0
2019-12-18,198.3,199.5,200,197,5010,0
2019-12-17,199.2,200,203.8,198.6,4110,0
2019-12-15,199.3,200,201.6,198,2350,0
2019-12-12,201.5,203.4,207.2,200,880,0
2019-12-11,202.5,208.5,208.5,202.1,7670,0
2019-12-10,208.1,208.1,210,207,2430,0
2019-12-09,210,210.3,210.6,209,4380,0
2019-12-08,211.2,211.1,212,210.3,1870,0
2019-12-05,211.9,213.1,217,210.4,3850,0
2019-12-04,215.9,214,216,214,10910,0
2019-12-03,212.4,215.5,218.4,212,4100,0
2019-12-02,213.5,215,215.8,212.1,8280,0
2019-12-01,214.4,216,216,213.5,3640,0
2019-11-28,216.1,217,219,213.2,6700,0
2019-11-27,216,214.1,222,213.1,33460,0
2019-11-26,228,231.1,231.1,227.4,22010,0
2019-11-25,228.9,230.5,232,227,11640,0
2019-11-24,229.9,230,230,224.5,28060,0
2019-11-21,229.3,230,230,227.7,8530,0
2019-11-20,228.6,228.1,230,227,11150,0
2019-11-19,228.1,229,229,225.1,19700,0
2019-11-18,228.4,221.5,229,221.5,22610,0
2019-11-17,224.6,226,228,224.1,10030,0
2019-11-14,227.7,225.5,228.5,225.1,10030,0
2019-11-13,225.8,228.9,228.9,223.8,19070,0
2019-11-12,225.1,229.8,229.9,224.7,14030,0
2019-11-11,227.9,232,232,226,13770,0
2019-11-07,227.2,230.3,231.8,225.1,18570,0
2019-11-06,230.1,235.9,235.9,230,39030,0
2019-11-05,230.1,232.8,233.8,230,95450,0
2019-11-04,231.6,231.6,233.7,230,18430,0
2019-11-03,234.2,232,235.9,232,3500,0
2019-10-31,232.5,230.1,234.8,230.1,10380,0
2019-10-30,234.7,236.9,236.9,232.7,11070,0
2019-10-29,236.9,235.1,240,234.5,85540,0
2019-10-28,239.3,230,240.5,230,114260,0
2019-10-27,237.4,226,240,226,150950,0
2019-10-24,227,214,231.9,214,152090,0
2019-10-23,213.5,211,214.9,209.4,43640,0
2019-10-22,210.6,211.2,213.9,210,14990,0
2019-10-21,213.1,215.6,215.6,212.2,22960,0
2019-10-20,214.3,211.5,217.5,211.5,14980,0
2019-10-17,214.3,220,220.1,214.1,11510,0
2019-10-16,220.6,220,224,217.7,9410,0
2019-10-15,215.2,216.5,220,215,28690,0
2019-10-14,219,220.7,225.8,217.3,25590,0
2019-10-13,223,225,228,221,29160,0
2019-10-10,224.6,225,228.8,221,53180,0
2019-10-09,226.4,228.9,230,224.4,67460,0
2019-10-07,228.4,238,238,227.3,139630,0
2019-10-06,235.8,238,245,231,118240,0
2019-10-03,229,214,229,214,236880,0
2019-10-02,210.6,208,211.5,208,8170,0
2019-10-01,208.5,207.5,209.7,207.4,3770,0
2019-09-30,208.5,211,211,207.9,7010,0
2019-09-29,209.8,208,212,206.3,2690,0
2019-09-26,209.1,210.2,211,205,11110,0
2019-09-25,212.2,215,215,209.6,15520,0
2019-09-24,212.2,205,217.3,205,24610,0
2019-09-23,203.3,200,205.5,200,6020,0
2019-09-22,202.6,203.5,206.5,202.1,11220,0
2019-09-19,203,203,206.2,202.6,22950,0
2019-09-18,204.8,206.3,209.9,204.5,19780,0
2019-09-17,205.2,206.3,211,202,34080,0
2019-09-16,206,207.2,209.7,205,7730,0
2019-09-15,206.9,214.5,214.5,206.5,12470,0
2019-09-12,214.2,220.1,220.1,210.1,5840,0
2019-09-11,220.2,223,223,220,5010,0
2019-09-09,220.8,221.7,221.7,220.4,4040,0
2019-09-08,220.2,220.5,222.5,219.9,10690,0
2019-09-05,220.2,222.5,225,220,14330,0
2019-09-04,221.5,224.6,224.6,220.1,12370,0
2019-09-03,224.1,224.5,226,222.1,2800,0
2019-09-02,224.2,225.5,225.8,224,3160,0
2019-09-01,225,225.9,225.9,224.4,2150,0
2019-08-29,224.9,225,226.9,224.6,2670,0
2019-08-28,224.7,223.7,225,223.7,4500,0
2019-08-27,223.3,224.8,226.2,223.3,2030,0
2019-08-26,223.8,226,226,223.5,2680,0
2019-08-25,224.6,223.3,226.5,223.3,3920,0
2019-08-22,222.8,226.2,226.2,222.5,14730,0
2019-08-21,225.9,226.6,226.7,225.6,8360,0
2019-08-20,225.4,225.5,225.5,224.8,9900,0
2019-08-19,225.4,224,226.6,224,3110,0
2019-08-18,224.9,224,226.8,224,7610,0
2019-08-08,224.3,227.2,227.2,223.7,11260,0
2019-08-07,226.8,225,227.5,223.7,11270,0
2019-08-06,224.7,225,225,224.5,9620,0
2019-08-05,225.1,226.7,226.7,223,6450,0
2019-08-04,226.6,226.1,227.5,223.9,5990,0
2019-08-01,227.1,223.2,227.5,223.2,6210,0
2019-07-31,225.4,226,226,223.2,20030,0
2019-07-30,226,226.8,227.4,224.6,28780,0
2019-07-29,226.8,225.2,227.3,225.1,11120,0
2019-07-28,224.6,226.5,226.5,224,18180,0
2019-07-25,225.2,225.7,227.5,223.9,12760,0
2019-07-24,224.9,226,226,224,11120,0
2019-07-23,224.1,224,230.1,222.5,25560,0
2019-07-22,226.4,225,229,225,6030,0
2019-07-21,229.6,227.3,230.2,227,11480,0
2019-07-18,227,228.2,228.2,226.7,9910,0
2019-07-17,227.7,229.5,229.5,226.4,15580,0
2019-07-16,230.2,229,230.8,227.5,18140,0
2019-07-15,230.7,226.5,231.7,226.5,28540,0
2019-07-14,226.5,231.4,231.4,226.3,4640,0
2019-07-11,227.9,228,229.9,227.2,4150,0
2019-07-10,230.3,227.2,231,227,12000,0
2019-07-09,228.2,228.1,228.4,228,7100,0
2019-07-08,229,233.9,234,229,5730,0
2019-07-07,233.6,228.5,234.8,228.1,20050,0
2019-07-04,231.3,230.4,232.1,229,19540,0
2019-07-03,231.8,231,232,228.1,19410,0
2019-07-02,230.6,229,240,226.1,40670,0
2019-06-30,227.9,228.5,230,225.5,23630,0
2019-06-27,225.5,223.2,226,223.2,8850,0
2019-06-26,224.8,225.1,225.3,223.5,4630,0
2019-06-25,225.1,223.1,227.5,223.1,21810,0
2019-06-24,222.6,224,225.8,222.3,13560,0
2019-06-23,223.9,224.3,225.9,223.1,12510,0
2019-06-20,224.2,225.6,228.3,224.1,12630,0
2019-06-19,225.6,223.1,229.9,222,4520,0
2019-06-18,226.2,228.2,228.2,226.1,5400,0
2019-06-17,227.2,230.1,230.1,226,12530,0
2019-06-16,227.6,231.2,231.2,227.5,3850,0
2019-06-13,229.9,229,230.9,229,7050,0
2019-06-12,230.2,231.7,231.7,230,11340,0
2019-06-11,231,230.3,232,229.9,22630,0
2019-06-10,229.8,228.8,230,228.3,8880,0
2019-06-09,228.2,226.2,229,226.2,9710,0
2019-05-30,226.9,226.2,228.6,226.2,850,0
2019-05-29,227.5,228.1,228.1,224.5,6830,0
2019-05-28,227.9,224.2,229.5,223,5030,0
2019-05-27,224.2,224.6,226,222.3,4630,0
2019-05-26,224.4,226.5,226.5,223.1,2090,0
2019-05-23,226.1,223.1,226.4,223,2010,0
2019-05-22,223.1,224.9,224.9,222.5,19730,0
2019-05-21,224.6,227,227,224.2,4590,0
2019-05-20,226.1,223.6,227,223.6,3440,0
2019-05-19,223.3,227.4,227.4,223,23980,0
2019-05-16,226.2,228.1,228.5,225.6,610,0
2019-05-15,228.1,230,230,225,6280,0
2019-05-14,228.3,225.5,230.7,225.5,7690,0
2019-05-13,228,225.2,228.5,225.2,5110,0
2019-05-12,228.1,227,229,225,10040,0
2019-05-09,227.4,226.1,229.1,225,5000,0
2019-05-08,224.9,232.5,232.5,224.3,27180,0
2019-05-07,227.9,231.1,231.1,227.6,13020,0
2019-05-06,231.1,228.5,232,228.5,2220,0
2019-05-05,227.7,0,230.5,225.6,8340,0
2019-05-02,227.8,229.5,229.5,227.5,1970,0
2019-04-30,231.2,229.7,235,226.7,11930,0
2019-04-29,229.8,229.9,231,227.1,5550,0
2019-04-28,230.2,229.6,231,227.2,3080,0
2019-04-25,229.6,225.8,230,225.6,11490,0
2019-04-24,227,227,228.9,226.1,360,0
2019-04-23,226.9,234.8,234.9,223.1,7050,0
2019-04-21,230.2,232,232,228,7390,0
2019-04-18,230,230.5,235,229.8,8390,0
2019-04-17,233,227.3,245,225.8,20470,0
2019-04-16,225.8,227.5,227.5,224,1380,0
2019-04-15,226.7,225.2,227.9,225.2,9610,0
2019-04-11,224.7,234,236,220,17620,0
2019-04-10,229.5,230.3,232,225.5,6190,0
2019-04-09,230.3,229,234.5,229,7460,0
2019-04-08,230.4,234,234,230.1,6300,0
2019-04-07,231.3,232,236,229.6,16260,0
2019-04-04,231.9,238,238,231.4,22560,0
2019-04-03,235.1,237.8,238.7,234.1,6350,0
2019-04-02,234.6,237,237,233,27310,0
2019-04-01,233.3,238,238,232.1,2640,0
2019-03-31,235.1,239,239.7,234.1,20940,0
2019-03-28,236.2,238,238,232.7,3010,0
2019-03-27,234.5,238,238,233,11600,0
2019-03-25,234,239.7,240,233,13300,0
2019-03-24,234.8,239.5,241,234.1,21470,0
2019-03-21,237,239.9,242,235.2,28750,0
2019-03-20,236.1,237.5,240.5,233.5,30210,0
2019-03-19,235.9,234,237.9,229.7,38900,0
2019-03-18,233.9,236,236,233,20530,0
2019-03-14,235.3,237.9,237.9,235,13410,0
2019-03-13,236.9,238,238,236.6,12630,0
2019-03-12,238.2,243,243,237.3,3290,0
2019-03-11,237.2,241.9,241.9,236.7,1570,0
2019-03-10,240.6,240,243,238.1,11320,0
2019-03-07,237.9,242.9,244,237,19570,0
2019-03-06,240.1,241,245,239.4,17700,0
2019-03-05,239.4,238.1,241.9,237,18290,0
2019-03-04,239.8,238.9,242,238.9,14040,0
2019-03-03,238.9,243,245,238,26410,0
2019-02-27,241.9,243,245,240.1,14040,0
2019-02-26,241,240.7,241.5,238.9,34640,0
2019-02-25,240.7,242,243,239.2,17540,0
2019-02-24,242.1,237.9,243,237.5,21620,0
2019-02-20,237.9,239.7,240,236,11620,0
2019-02-19,236.8,236.4,238,234.2,10690,0
2019-02-18,236.4,234.5,240,233.5,15920,0
2019-02-17,233.7,239.9,239.9,232.5,43760,0
2019-02-14,238,239,240.9,237.6,9700,0
2019-02-13,238.8,240,243,238,25780,0
2019-02-12,238.6,244,244.9,238,39010,0
2019-02-11,240.2,249.7,249.7,239.4,35100,0
2019-02-10,245.3,251,251,243.1,38690,0
2019-02-07,248.4,250.4,253.8,247,59210,0
2019-02-06,247.9,255.9,255.9,247,41370,0
2019-02-05,255.9,250,259.8,248,160130,0
2019-02-04,247.4,241.7,253,241,39950,0
2019-02-03,242.7,245.1,246.1,241.5,29460,0
2019-01-31,247,248.7,249.7,243.2,30570,0
2019-01-30,248.7,248,251,244,55990,0
2019-01-29,247.2,243,254.9,243,85520,0
2019-01-28,247.5,239.1,250,239.1,34210,0
2019-01-27,239.1,240,240,237,12900,0
2019-01-24,238.3,240.3,240.9,237.3,11030,0
2019-01-23,241.3,243.5,243.7,240,19170,0
2019-01-22,244.1,247,249.7,242,13980,0
2019-01-21,244.1,247.6,247.6,241.5,18400,0
2019-01-20,244.5,250,250.9,240,27910,0
2019-01-17,249.9,251,253.5,245,45020,0
2019-01-16,251.7,249.5,255.9,248.1,55730,0
2019-01-15,249.5,245.7,256,245.7,138290,0
2019-01-14,244.4,241.5,248,240,30890,0
2019-01-13,241.5,245,250,237.6,78410,0
2019-01-10,241.4,235.2,246,235.2,56950,0
2019-01-09,235.2,231.2,236,231.2,26410,0
2019-01-08,233.2,235,236,232,18690,0
2019-01-07,231,228.3,241,227.3,48620,0
2019-01-06,228.3,226,230,226,16530,0
2019-01-03,227,225,227,225,16790,0
2019-01-02,224.7,225,226.8,224,2740,0
2019-01-01,225.2,222.2,225.8,222.2,12800,0
2018-12-27,223.1,226.9,226.9,223,14430,0
2018-12-26,223.5,225,233,223.3,15610,0
2018-12-24,221.5,220.6,223.5,220.6,18170,0
2018-12-23,221.3,222.9,224.1,220,34440,0
2018-12-20,233.9,232.6,235,232.5,34350,0
2018-12-19,233.3,230,236,230,9430,0
2018-12-18,233.1,233,235.4,232.8,11870,0
2018-12-17,233.7,232,234.7,232,28880,0
2018-12-13,233.2,232.4,234.9,232.4,10340,0
2018-12-12,233.1,232.6,236,232.2,18630,0
2018-12-11,232.8,232.1,235,232.1,19190,0
2018-12-10,232,234.4,234.7,231.5,12680,0
2018-12-09,231.7,231.6,234,231.1,25100,0
2018-12-06,231.6,231.5,234.5,231.5,26890,0
2018-12-05,233.4,236.7,240.5,231,22910,0
2018-12-04,230.7,234.8,234.9,229.9,18980,0
2018-12-03,230.4,236.3,237,229.7,48790,0
2018-12-02,232.2,231,237,229.2,27800,0
2018-11-29,230.8,235,235.9,230.3,20840,0
2018-11-28,235,235.1,236,234.2,8680,0
2018-11-27,235.9,236,239.7,235,15030,0
2018-11-26,236.2,236.9,244.7,235.1,14360,0
2018-11-25,232.7,234.6,236.5,232.6,19320,0
2018-11-22,234.5,238.8,238.8,231.4,33080,0
2018-11-20,234.6,238,238.9,232.6,19920,0
2018-11-19,236.4,236,245,235,49850,0
2018-11-18,236.1,239,243.9,235.1,13470,0
2018-11-15,236.4,233,241.9,233,51330,0
2018-11-14,234.2,239.6,240,232.6,86070,0
2018-11-13,241.3,254,254,236.9,60450,0
2018-11-12,250.5,244.9,255,244.9,176510,0
2018-11-11,242.2,239.6,243.8,238.2,75800,0
2018-11-08,239,235.6,239.5,235.6,45870,0
2018-11-07,237.5,236,240,233.6,63520,0
2018-11-06,233,227,236.7,226,45950,0
2018-11-05,225.3,227.7,229,225,33260,0
2018-11-04,229,229.2,229.2,228.5,1080,0
2018-11-01,229,230.1,231.7,228.3,3810,0
2018-10-31,229.3,227,234,227,5490,0
2018-10-30,227,229,229,226.6,5370,0
2018-10-29,228.7,231,231,226.5,5670,0
2018-10-28,228.1,226.9,229.3,226.9,7150,0
2018-10-25,231.3,226.3,232,226.2,14890,0
2018-10-24,230,227.3,233.9,226,9350,0
2018-10-23,227.2,232,232,226,8420,0
2018-10-22,230.3,233,233.4,227,2240,0
2018-10-21,230.5,230.2,230.9,230.2,2590,0
2018-10-18,230.3,231.5,231.5,230.1,4060,0
2018-10-17,230.7,230.5,230.8,230.5,9060,0
2018-10-16,231.5,231,232.8,230.4,4860,0
2018-10-15,231.3,230.9,232.8,230.8,6990,0
2018-10-14,230.6,231,232,230.2,8050,0
2018-10-11,232.2,231.9,233.7,230.2,11140,0
2018-10-10,231.9,230.2,233,230.2,3040,0
2018-10-09,230.5,232,233.6,230.2,13920,0
2018-10-08,234,232.9,234.7,231.7,9620,0
2018-10-07,230.1,230,231.8,230,3600,0
2018-10-04,230.7,230.5,233.5,229.2,2230,0
2018-10-03,230.2,232.1,234.5,229.2,16370,0
2018-10-02,231.5,233.4,233.4,229.1,9100,0
2018-10-01,230.9,234.4,234.4,229,7020,0
2018-09-30,230.9,233.1,234.4,229,12090,0
2018-09-27,232.6,234,236.8,230,17890,0
2018-09-26,231.4,227.9,233.4,227.9,12920,0
2018-09-25,229.5,231.1,231.7,228,16540,0
2018-09-24,232.3,234,234,232.1,8980,0
2018-09-23,233.6,234,237.9,232.1,22680,0
2018-09-20,232.7,237,240,232.5,18730,0
2018-09-19,232,234,237,231.7,31080,0
2018-09-18,232.4,230.5,234.9,230,25830,0
2018-09-17,229.7,232,232,229,14720,0
2018-09-16,231.5,231.7,239.9,230,14980,0
2018-09-13,231.4,232.6,234,230.1,48890,0
2018-09-12,232,232,234.7,231.2,13550,0
2018-09-11,232.7,233.1,236.5,232.1,20030,0
2018-09-10,233.1,234.5,235.1,232.1,20470,0
2018-09-09,233.3,238.3,239.8,232.3,53220,0
2018-09-06,238.1,243.4,243.4,238,62840,0
2018-09-05,243.4,235.1,244.8,235.1,75050,0
2018-09-04,237.2,232,244.8,230.7,109610,0
2018-09-03,231.4,231,233.7,231,37690,0
2018-08-30,232.4,233.6,234.4,232,8900,0
2018-08-29,233.5,233.8,237.7,233,46570,0
2018-08-28,233.8,230,234.8,229.2,14680,0
2018-08-27,230.1,231.2,231.2,228.4,2590,0
2018-08-26,230.2,232.6,232.7,229.5,18880,0
2018-08-20,229.3,229.5,232,226.1,12360,0
2018-08-19,227.5,226.5,230,226.5,10300,0
2018-08-16,226.9,225.7,227.5,225.6,11190,0
2018-08-14,225.7,224.4,227,224.2,8920,0
2018-08-13,225.5,225.3,226.5,225.2,3330,0
2018-08-12,226.2,225,228,224,5200,0
2018-08-09,225.6,226.5,226.5,225.5,5950,0
2018-08-08,226.1,225.1,227.3,225.1,5820,0
2018-08-07,225.2,223,227,223,6140,0
2018-08-06,225.1,225,226,225,8520,0
2018-08-05,225.2,224.2,226,224,12960,0
2018-08-02,224.8,223.4,225,223.4,9890,0
2018-08-01,224.7,225,226.6,224.2,15160,0
2018-07-31,225,226.3,227.9,224.6,14270,0
2018-07-30,226.3,225.2,226.9,225.2,19230,0
2018-07-29,225.8,226,226.8,225,7330,0
2018-07-26,226,224,226.7,224,10150,0
2018-07-25,224.5,226.2,227,223.5,22400,0
2018-07-24,226.2,224.2,227.5,224.1,21140,0
2018-07-23,223.4,222.6,223.5,222.3,30060,0
2018-07-22,223,222.4,223.5,221,24880,0
2018-07-19,223.2,224.5,226,223.1,8730,0
2018-07-18,225.4,228.5,228.5,225.1,13250,0
2018-07-17,226.9,223.4,228.6,223.3,8330,0
2018-07-16,224.3,224.1,227.4,221.5,9450,0
2018-07-15,225.6,229.8,230,225,18350,0
2018-07-12,227.3,224.3,229.6,224.1,10370,0
2018-07-11,224.1,227.6,230,222,36690,0
2018-07-10,228.8,229.8,229.8,226.1,8770,0
2018-07-09,228.1,223.7,230,223.7,8670,0
2018-07-08,225.2,224.2,227,224.2,6710,0
2018-07-05,224.8,227.2,232.5,224,15540,0
2018-07-04,228,229.6,230,226.7,11010,0
2018-07-03,229.6,233,233.4,228.8,20800,0
2018-07-02,231.6,231.8,240,228,75930,0
2018-06-28,228.5,230,231,228,52880,0
2018-06-27,229,229.6,231.5,228.1,78730,0
2018-06-26,229,227.3,229.8,227.2,58350,0
2018-06-25,226.8,232.8,232.8,225,26670,0
2018-06-24,230.1,229,234,227.4,57220,0
2018-06-21,226.8,229.5,229.5,226.2,15750,0
2018-06-20,228.1,232,235.5,228,13360,0
2018-06-19,228,230,231,227.3,45520,0
2018-06-18,230,228.6,230.7,225,12540,0
2018-06-12,228.7,230.1,231.7,228,10730,0
2018-06-11,230.7,231,232,230.1,27980,0
2018-06-10,230.6,232,232,230.2,8640,0
2018-06-07,231.1,230.5,232,230.5,5040,0
2018-06-06,230.8,232.7,232.7,230.3,5030,0
2018-06-05,231.1,234.9,234.9,230.5,9300,0
2018-06-04,234.6,233.1,235,232,4790,0
2018-06-03,233.2,230,241.9,230,30740,0
2018-05-31,231.9,234,234,231.5,3390,0
2018-05-30,231.8,234,236,231.5,14990,0
2018-05-29,233.6,234.1,235,231,8550,0
2018-05-28,234.1,233,235,232,31000,0
2018-05-27,231.5,231.6,234.5,230.8,6710,0
2018-05-24,231.6,230.5,237,230.5,23610,0
2018-05-23,235.1,230,238,228.4,45910,0
2018-05-22,228.1,228,229,228,8540,0
2018-05-21,229.5,229.4,230,229.3,15780,0
2018-05-20,229.6,229.3,230,229.3,6400,0
2018-05-17,229.8,228.4,230,228.4,10730,0
2018-05-16,230.1,229.1,231,229,5770,0
2018-05-15,230,230.5,230.6,229.7,16270,0
2018-05-14,230.4,230,233.9,230,11330,0
2018-05-13,233.3,230.2,236,230.2,16430,0
2018-05-10,234.5,236,236,234,10500,0
2018-05-09,236.2,236.9,237.7,234.2,31680,0
2018-05-08,235,233.6,237,232,20660,0
2018-05-07,234.2,236.5,239.5,234,17320,0
2018-05-06,235.8,234.1,237,234.1,20060,0
2018-05-03,235.8,242,242,235.1,35720,0
2018-04-30,241.6,244.8,244.9,240.8,40090,0
2018-04-26,241.8,236,245,234.6,92060,0
2018-04-25,234.6,230.2,235,230.2,43780,0
2018-04-24,230.7,234,237,230.2,52550,0
2018-04-23,230.2,230.8,231.9,227.6,45680,0
2018-04-22,229.7,228,233,228,29950,0
2018-04-19,230,228.8,231.6,227,45480,0
2018-04-18,228.8,226.1,229.8,221.2,45710,0
2018-04-17,226.1,220,229.7,220,60610,0
2018-04-16,223.1,223.7,230,218,121410,0
2018-04-15,224.1,224,227.4,223.5,15900,0
2018-04-12,224.9,223,225.7,221.8,56740,0
2018-04-11,221.8,221.7,223.5,221,10790,0
2018-04-10,221.7,222,222.5,220.5,17420,0
2018-04-09,219.9,219.2,220.8,219.2,6830,0
2018-04-08,219.4,222,222,218.8,6440,0
2018-04-05,221.7,224.4,224.4,221.3,12960,0
2018-04-04,223.6,219.9,224,216.2,28280,0
2018-04-03,217.6,220,220,217,44190,0
2018-04-02,215.7,213.5,217.5,213.5,21410,0
2018-04-01,216.9,220,221,216,6290,0
2018-03-29,219.2,222,222.9,218.1,8360,0
2018-03-28,221.4,227.9,228,220.2,15990,0
2018-03-27,226.9,231.9,231.9,225,7470,0
2018-03-25,228.8,229.1,232.6,226,10430,0
2018-03-22,230,234,234.9,228.9,14130,0
2018-03-21,230.1,234,236,229.8,9900,0
2018-03-20,230.7,228.5,231.5,228.5,16130,0
2018-03-19,230,228.6,234,228.6,4730,0
2018-03-18,230.8,235,241,228.5,15660,0
2018-03-15,234.8,232,241,225.3,22380,0
2018-03-14,229.1,232,233,226,26710,0
2018-03-13,231.2,232.5,233.5,230,3930,0
2018-03-12,232.8,234.8,234.9,231.5,9640,0
2018-03-11,233.2,233.7,233.7,231.4,2410,0
2018-03-08,232.8,232,233.6,232,8810,0
2018-03-07,232.1,234.7,234.7,231.1,8380,0
2018-03-06,231.7,232,233.9,231.1,6930,0
2018-03-05,232.3,229.5,234,228,14440,0
2018-03-04,230.7,228,232,228,5780,0
2018-03-01,228.8,234.3,234.3,228,21840,0
2018-02-28,234.1,233,236,232.1,15870,0
2018-02-27,234.1,233,235.5,233,20730,0
2018-02-26,234,234,234.7,233,36800,0
2018-02-25,234,235,235.9,233.8,8340,0
2018-02-22,235,235,237,233.2,5650,0
2018-02-20,233,236.4,238,231.2,32240,0
2018-02-19,233.9,236.7,236.7,233.5,56200,0
2018-02-18,235.4,235.4,237.1,234.5,17520,0
2018-02-15,236.8,235.5,237.5,234.2,10570,0
2018-02-14,234.9,235.9,236.2,233.8,24080,0
2018-02-13,236,239,239,234.2,7000,0
2018-02-12,233.1,233,239,233,11440,0
2018-02-11,232.7,231,233.2,231,2610,0
2018-02-08,234,235.7,235.7,232.1,7050,0
2018-02-07,232.2,239.9,239.9,231.5,18360,0
2018-02-06,233,239.7,241.7,231.6,22420,0
2018-02-05,236.7,241,242,236,29990,0
2018-02-04,239.6,237.5,240.9,233.2,22210,0
2018-02-01,234.6,241,241.2,234.1,43960,0
2018-01-31,242.5,237.1,243.8,237,14640,0
2018-01-30,239.6,240.9,244.9,238,24090,0
2018-01-29,239.1,240.5,242,237.5,10970,0
2018-01-28,239.4,240,241.9,238.1,18960,0
2018-01-25,238.1,237.8,238.7,234.3,30090,0
2018-01-24,235,235.1,238.7,234.1,54580,0
2018-01-23,235.7,238.8,238.8,235.3,5250,0
2018-01-22,238,235.2,238.7,235.2,57800,0
2018-01-21,235.1,237,237,235,39380,0
2018-01-18,237.3,234.5,237.5,234.5,11570,0
2018-01-17,234.5,235.5,239.9,234.1,18390,0
2018-01-16,238.3,238.6,241.3,237.1,12480,0
2018-01-15,238.4,244.8,244.8,237,69100,0
2018-01-14,241.4,250,252,240.6,52370,0
2018-01-11,248,245,252,244,64670,0
2018-01-10,244.9,240.2,259,237.5,82170,0
2018-01-09,240.8,242,245.7,237.1,32710,0
2018-01-08,245.7,248,248.8,245,42340,0
2018-01-07,245.7,242.4,248.5,242.4,56570,0
2018-01-04,242.4,236.1,248,236,47130,0
2018-01-03,238.5,238,241,231,15660,0
2018-01-02,239,227.3,240,227.3,71600,0
2018-01-01,227.2,230,230,226,26170,0
2017-12-28,230.9,230.5,232,229.4,49160,0
2017-12-27,229.3,232,232,229,49210,0
2017-12-26,234.6,229,237.9,229,69090,0
2017-12-24,229.3,234,234,228.2,50800,0
2017-12-21,233.9,236,237.7,233,27180,0
2017-12-20,243.2,245.7,246.5,242,47510,0
2017-12-19,245.7,246.5,248,245.3,39160,0
2017-12-18,245.1,244,247.5,244,16370,0
2017-12-17,245.2,250.7,250.8,244.2,21140,0
2017-12-14,250.6,246.9,251.3,246.5,78030,0
2017-12-13,246.9,246.1,252,246.1,15080,0
2017-12-12,251.6,250.9,252.5,248,69650,0
2017-12-11,250.9,249.9,253.5,247.5,97600,0
2017-12-10,249.5,245.9,250,245.9,144920,0
2017-12-07,245.1,242,246,241.9,123570,0
2017-12-06,241.5,239,242.9,237,62000,0
2017-12-05,237.3,236.6,239,236.6,53070,0
2017-12-04,237.6,238,239.9,236.6,61350,0
2017-12-03,237.7,240.9,241,237,29270,0
2017-11-29,238.7,237,241,237,24520,0
2017-11-28,238.9,240,241,238.7,19660,0
2017-11-27,240.4,242,242.9,237.1,17550,0
2017-11-26,239.6,235.1,242.9,235,22520,0
2017-11-23,239.1,237.1,241,236.6,27660,0
2017-11-22,239.9,237.5,241,236,25010,0
2017-11-21,237.3,240,244,236.2,27280,0
2017-11-20,236,235.2,238,235.2,63400,0
2017-11-19,235,240.8,240.8,234.2,80310,0
2017-11-16,236.2,240,240,235.6,77440,0
2017-11-15,239.9,241,241.5,237.7,38070,0
2017-11-14,241.5,247.6,247.6,235.2,75040,0
2017-11-13,245.1,249.8,249.8,244.7,108500,0
2017-11-12,247.4,250,252,247,97530,0
2017-11-09,245.6,249.7,250,245,19410,0
2017-11-08,249.8,245.1,251.5,245.1,103720,0
2017-11-07,248.1,251.8,252.3,247.8,28230,0
2017-11-06,249.9,244.9,251,244.9,51370,0
2017-11-05,245.2,243.1,245.9,243,28610,0
2017-11-02,241.1,243.3,246,240,23590,0
2017-11-01,243.3,248,248,240.1,58510,0
2017-10-31,248.5,249.3,251,246.6,31430,0
2017-10-30,248.9,250,251,247,32440,0
2017-10-29,250.7,251,254.8,248,76210,0
2017-10-26,251.7,245.1,252.2,245,106350,0
2017-10-25,248.5,249.1,251,246.6,34490,0
2017-10-24,250.3,243,252.7,242,199000,0
2017-10-23,241.7,240.8,243.2,240,18090,0
2017-10-22,238.1,234.7,240,234.7,11410,0
2017-10-19,235.2,230.1,237,230.1,12250,0
2017-10-18,233.8,233.3,235.8,230,13540,0
2017-10-17,233.3,236.4,236.4,230,23770,0
2017-10-16,236.3,237.7,242.7,234.7,22530,0
2017-10-15,237.2,242.5,242.5,235.4,51630,0
2017-10-12,243.1,244.9,244.9,242,19870,0
2017-10-11,244.9,246,247,243.1,25340,0
2017-10-10,246.8,247,249.6,246,9530,0
2017-10-09,246.9,245.8,249,244,28450,0
2017-10-08,244.3,244.2,246,243.3,7150,0
2017-10-05,243.3,242.1,245.7,242,30700,0
2017-10-04,244.5,243.1,250,241.4,14720,0
2017-10-03,244.1,250,250,243,109980,0
2017-10-02,247.7,248.3,249.4,246.5,58960,0
2017-09-28,248.2,249.2,251,247.9,40320,0
2017-09-27,252,253,254.7,249.1,28810,0
2017-09-26,249.8,249.3,250.5,248.8,37530,0
2017-09-25,249.4,257.7,257.7,248.4,61270,0
2017-09-24,249.2,249.4,250.1,248.5,48160,0
2017-09-21,249.9,253.8,253.8,248.7,69250,0
2017-09-20,251.4,252,253,251,46020,0
2017-09-19,252.6,253,254.4,251.1,53140,0
2017-09-18,253.2,249,254.5,248.1,88700,0
2017-09-17,253.1,255.3,256.9,253,65560,0
2017-09-14,255.3,256.7,258,254.1,43700,0
2017-09-13,256.7,254.8,257.5,252.7,155450,0
2017-09-12,252.3,252,253.5,249.2,94660,0
2017-09-11,253.5,253.9,254.2,250.9,69200,0
2017-09-10,253.4,252.8,254,249,83840,0
2017-09-07,251.7,250,253.5,249.8,37850,0
2017-09-06,250.9,251.1,252.7,250.3,5540,0
2017-09-05,251.4,250.9,253,250,27550,0
2017-09-04,251,251.3,252,250.3,18120,0
2017-08-31,252.3,247.8,255,247.8,44900,0
2017-08-30,248.3,249.9,252.5,247.8,57920,0
2017-08-29,248.5,249,250,246.4,111550,0
2017-08-28,250.4,249.9,251,247.5,26090,0
2017-08-27,247.4,252.4,252.4,245.6,242470,0
2017-08-24,252.9,251.3,255.8,250,56110,0
2017-08-23,250.8,257.4,257.5,250,43910,0
2017-08-22,257.1,259.9,264.9,256.7,119360,0
2017-08-21,257.7,252,258.9,249.8,226360,0
2017-08-20,248,252,255.8,248,106310,0
2017-08-17,249.6,248.8,253,248,44080,0
2017-08-16,251.4,252.9,256.5,250,52050,0
2017-08-13,250.8,248.2,253.8,248.2,22970,0
2017-08-10,249,249.7,252,247.9,43550,0
2017-08-09,248,249.5,250,247.5,43830,0
2017-08-08,248.3,248,249,246.2,34460,0
2017-08-07,247.1,247.1,248.7,246,21320,0
2017-08-06,246.6,246.7,251,245.7,30420,0
2017-08-03,245.4,247.9,249,245,81860,0
2017-08-02,248.1,249,250.4,247.6,109130,0
2017-08-01,251.8,252,255,249,88030,0
2017-07-31,252.7,252.2,254,252.1,19400,0
2017-07-30,252.9,251,254,251,49850,0
2017-07-27,250.6,254,254,249.5,13580,0
2017-07-26,251.2,248.5,252,248.5,43410,0
2017-07-25,248.9,247,254,247,36450,0
2017-07-24,249.1,248,250,248,19580,0
2017-07-23,249.4,249.4,250,248.5,25750,0
2017-07-20,249,250,251.8,248.4,46200,0
2017-07-19,249.7,250.7,251,248.1,67590,0
2017-07-18,250.1,252,252,249,48940,0
2017-07-17,250.4,253.4,258.5,250,54980,0
2017-07-16,250.7,250.5,252,248.1,15930,0
2017-07-13,251.5,250.7,254.7,250.2,54250,0
2017-07-12,250.5,252.1,252.1,248.5,173750,0
2017-07-11,251.9,251.2,255.4,251.1,62650,0
2017-07-10,253.3,254.5,254.5,251,43140,0
2017-07-09,254.1,250.4,254.5,250.4,79030,0
2017-07-06,250.6,250.1,255.7,250,45280,0
2017-07-05,251,251.6,253,250.4,62360,0
2017-07-04,252.8,251.2,254.5,250.5,57720,0
2017-07-03,255.9,254.6,259.4,254.2,57060,0
2017-07-02,254.3,251,255.5,248.7,36370,0
2017-06-29,249.7,249.9,250,247.9,16730,0
2017-06-28,251,247.2,252,247.2,43310,0
2017-06-22,249.1,247.2,249.6,246.3,21980,0
2017-06-21,247.2,248,249,246.6,20460,0
2017-06-20,246.4,245.7,250,245.6,11710,0
2017-06-19,250.3,252.9,252.9,248.1,9060,0
2017-06-18,251.9,249.3,253,247.5,61930,0
2017-06-15,246.5,248,248,246.5,12810,0
2017-06-14,249.9,245.7,250.1,245.7,61000,0
2017-06-13,245.7,245.8,247.3,243,4080,0
2017-06-12,245.7,245,249.9,243.2,12090,0
2017-06-11,246.2,249.6,250,245,47440,0
2017-06-08,248,249.9,250.1,247.8,30190,0
2017-06-07,248.6,248,249.1,246.1,19290,0
2017-06-06,248,245,248,243.2,13460,0
2017-06-05,245.5,243,246.5,243,11380,0
2017-06-04,242.7,242.4,246.8,242.1,17150,0
2017-06-01,245.5,241,250,241,17380,0
2017-05-31,242.4,244.1,244.1,242.1,14240,0
2017-05-30,245,252.9,252.9,244.7,7990,0
2017-05-29,246.6,246.1,247.9,246,4990,0
2017-05-28,247.5,247,248.7,246.6,13640,0
2017-05-25,247.7,247.5,249,246.8,22960,0
2017-05-24,247.5,253.5,253.5,245.7,12320,0
2017-05-23,245.4,252.8,253.9,245.1,42240,0
2017-05-22,248.8,252,252,248.2,11860,0
2017-05-21,252.6,256,256,248.2,40750,0
2017-05-18,253.6,248.7,255,247,149320,0
2017-05-17,247.2,244.1,248.5,244.1,16410,0
2017-05-16,247.8,245.1,249,245.1,20520,0
2017-05-15,245.8,249.1,250,245,30660,0
2017-05-14,249.7,251.5,252,249.1,18870,0
2017-05-11,252,250.7,252.6,250,21580,0
2017-05-09,250.4,251.1,252,249.7,40730,0
2017-05-08,251.3,254,256,250.3,27300,0
2017-05-07,255,251.7,255.5,251.6,29300,0
2017-05-04,253.6,248.8,255.8,248.5,163360,0
2017-05-03,248.4,251.3,254,248,59890,0
2017-05-02,254.4,260.5,260.5,253.6,32760,0
2017-04-30,258,254,261,252.7,34380,0
2017-04-27,253.8,254.3,256.9,253,22480,0
2017-04-26,255.2,254.2,258,252.5,39290,0
2017-04-25,255.2,256.5,259.5,254.5,29990,0
2017-04-24,256.9,257,262,256.2,16440,0
2017-04-23,259.7,258.2,265,258,43590,0
2017-04-20,263.4,256.6,265,256.3,260260,0
2017-04-19,258.1,256.2,260,256,42060,0
2017-04-18,258.3,258.1,262,255,43960,0
2017-04-17,259.8,260,261,258.6,48580,0
2017-04-16,260.1,259.7,260.9,257.3,55980,0
2017-04-13,258.8,259.5,262,258.5,48900,0
2017-04-12,259.8,260,262,259,51590,0
2017-04-11,260.1,262.9,264,259,92330,0
2017-04-10,262.5,268,269,261.8,168660,0
2017-04-09,265.8,255.1,267.8,255.1,430400,0
2017-04-06,256.7,258.7,258.9,255.2,86720,0
2017-04-05,256.6,253.1,258,251.8,76890,0
2017-04-04,252.8,255.9,256.5,252,41210,0
2017-04-03,253.3,257.7,259,250.5,253670,0
2017-04-02,257,250.2,258.5,250.2,135800,0
2017-03-30,252.2,251.1,253.7,251,76530,0
2017-03-29,251.8,255.7,255.8,250.3,96240,0
2017-03-28,252.8,255.1,256.7,252,213060,0
2017-03-27,255,258.4,258.8,254.9,223990,0
2017-03-23,257.3,258,259,255.4,204430,0
2017-03-22,258.2,260,260.5,257,319680,0
2017-03-21,259.3,256.1,263,256.1,328050,0
2017-03-20,258.6,255.5,260.4,252.1,279840,0
2017-03-19,252.8,251.4,254.1,250,125030,0
2017-03-16,252.4,254.4,255,250.4,157150,0
2017-03-15,249.9,252,253.4,248.7,221160,0
2017-03-14,252.5,258,258,251.5,274390,0
2017-03-13,256.4,256.8,262.8,255,256700,0
2017-03-12,256.4,263,263.7,255.5,262130,0
2017-03-09,262.2,262.1,264.7,260.5,422480,0
2017-03-08,261.4,253.3,262.4,253.3,476650,0
2017-03-07,255.3,257,259.9,252,231000,0
2017-03-06,254.9,255.8,257,251,182350,0
2017-03-05,252.5,254,257.5,251.1,264720,0
2017-03-02,255.1,259.9,259.9,254,442090,0
2017-03-01,258.2,262,263.8,255.5,318670,0
2017-02-28,261.1,267,268,256.9,530780,0
2017-02-27,264.2,257.5,267,251.7,844190,0
2017-02-26,256.4,238,256.9,238,1440000,0
2017-02-23,236.3,233,242.2,232.5,517980,0
2017-02-22,232,230.1,233.5,229,152830,0
2017-02-20,231.4,231.7,235.4,230.2,119750,0
2017-02-19,233.9,235.1,237,233.5,233880,0
2017-02-16,236.7,233.5,238.7,233.5,342310,0
2017-02-15,233.9,225.5,237,225.4,349490,0
2017-02-14,226.5,223.4,228.6,223.4,188330,0
2017-02-13,224.5,224.4,225.4,221.4,135520,0
2017-02-12,223.9,220.2,226.1,220.2,156530,0
2017-02-09,219.5,224,225,218,158160,0
2017-02-08,224,226,228.5,222.4,156840,0
2017-02-07,225.2,226,228.5,220,213180,0
2017-02-06,225.2,230.5,234.4,223.2,300360,0
2017-02-05,230.8,235,241,229.1,322990,0
2017-02-02,229.3,234,237,225,382950,0
2017-02-01,231.4,240.1,240.1,229.5,333980,0
2017-01-31,240,231.5,250,231.5,752310,0
2017-01-30,231.6,222.1,234.3,222.1,577920,0
2017-01-29,220.7,222.1,225,216.1,329340,0
2017-01-26,222.5,226.9,227.9,221,269790,0
2017-01-25,224.1,232.8,233.2,221,331860,0
2017-01-24,229.3,224.7,235,224.7,361710,0
2017-01-23,222,216,224.5,215.1,473400,0
2017-01-22,218.7,220,235.2,217,635970,0
2017-01-19,216.3,199.8,216.3,197.2,569520,0
2017-01-18,196.7,190.6,198,190.6,159280,0
2017-01-17,193.4,194.9,195.8,192,128240,0
2017-01-16,192.5,194.9,194.9,192.1,70550,0
2017-01-15,194.8,195,197,192.1,112700,0
2017-01-12,194.7,190,198.9,190,218920,0
2017-01-11,189.2,185.6,190,185.5,120040,0
2017-01-10,185.6,183,187.2,183,38990,0
2017-01-09,186.2,187.9,188,185.2,80070,0
2017-01-08,185.9,186.5,188.2,185.3,146530,0
2017-01-05,186.2,183.5,187.8,182.1,113710,0
2017-01-04,182,183.7,183.7,180.6,74200,0
2017-01-03,180.8,184.7,184.8,180.2,60660,0
2017-01-02,180.2,183,184.8,179,88160,0
2017-01-01,180.7,181,182.6,180.3,53990,0
2016-12-29,181.1,180,185,180,69010,0
2016-12-28,178.7,180,180.7,178.2,55290,0
2016-12-27,179.6,177,180.9,177,87000,0
2016-12-26,177.1,176.7,179.4,175.7,67080,0
2016-12-21,176.9,182,182,176,137100,0
2016-12-20,190.5,191.9,192.7,189.8,161620,0
2016-12-19,190.5,191.8,193.4,190.1,123930,0
2016-12-18,190.7,189.9,191.7,189.9,89740,0
2016-12-15,189.7,191.7,191.7,189,67600,0
2016-12-14,191.4,191.5,192.3,190.8,61950,0
2016-12-12,190.9,192.8,193,190.7,55780,0
2016-12-11,191.3,192.8,193,190.9,65200,0
2016-12-08,192.1,193,193,191.5,43600,0
2016-12-07,191.9,192.7,193,189.1,104240,0
2016-12-06,190.3,190.3,193,189.1,82490,0
2016-12-05,191.6,191.1,191.7,189.7,45940,0
2016-12-04,190.9,190.9,192,189.2,58280,0
2016-12-01,190,188.4,190.9,188.4,68860,0
2016-11-30,188.8,190.5,190.5,188,45320,0
2016-11-29,188.4,189.2,190.4,188.2,63270,0
2016-11-28,189.2,190,192,189,51530,0
2016-11-27,189.5,186.7,193,186.7,84220,0
2016-11-24,186.8,186.4,187.4,186.4,25900,0
2016-11-23,186.8,188,188,186.6,45770,0
2016-11-22,187.1,186.8,187.8,186.2,43870,0
2016-11-21,186.3,186.2,187,186,29140,0
2016-11-20,186.4,186,187.7,185,28050,0
2016-11-17,185.2,185.6,187,184.4,39610,0
2016-11-16,185.2,185,186.9,184.3,72640,0
2016-11-15,187.8,192.8,193.2,185.5,106970,0
2016-11-14,192.7,199.9,199.9,191,286540,0
2016-11-13,187.8,189,189.6,184,76150,0
2016-11-10,188.2,186,188.8,184.3,70550,0
2016-11-09,185.6,187,187.5,185.2,52520,0
2016-11-08,187.4,186,188.9,186,36860,0
2016-11-07,187.4,187,188.5,186.1,48330,0
2016-11-06,187.1,185.5,188,185.5,52990,0
2016-11-03,186,186.6,188,185.8,47430,0
2016-11-02,187,186.6,188.4,185.8,15470,0
2016-11-01,187.1,188.5,188.9,186.1,35050,0
2016-10-31,188.3,188.2,190.5,187.5,29360,0
2016-10-30,189,189,189.8,188.1,32850,0
2016-10-27,189,192.9,192.9,188.1,44270,0
2016-10-26,189.6,188.2,190.7,188,24200,0
2016-10-25,188,190,190,188,59530,0
2016-10-24,190,188,192,188,46410,0
2016-10-23,192,192,192,191,30340,0
2016-10-20,192,192,192,191,37010,0
2016-10-19,190,192,192,190,56600,0
2016-10-18,191,192,192,191,44680,0
2016-10-17,192,190,195,190,143300,0
2016-10-16,192,193,193,191,54970,0
2016-10-13,193,195,195,192,50940,0
2016-10-10,195,197,197,194,65750,0
2016-10-09,197,195,200,195,224110,0
2016-10-06,194,193,194,192,42330,0
2016-10-05,195,191,197,191,196380,0
2016-10-04,188,189,191,188,39420,0
2016-10-03,189,188,191,188,53260,0
2016-10-02,188,188,189,188,42500,0
2016-09-29,188,187,190,187,38970,0
2016-09-28,188,190,191,187,63160,0
2016-09-27,190,193,194,189,47580,0
2016-09-26,192,189,195,189,229070,0
2016-09-25,188,189,189,186,47630,0
2016-09-24,188,188,188,186,42430,0
2016-09-22,187,187,188,186,43870,0
2016-09-21,187,186,187,186,34130,0
2016-09-20,186,187,187,184,24830,0
2016-09-19,185,185,186,185,98540,0
2016-09-18,185,186,187,185,21650,0
2016-09-08,185,185,185,185,16870,0
2016-09-07,185,186,187,184,38490,0
2016-09-06,186,189,189,185,30880,0
2016-09-05,186,185,186,184,36880,0
2016-09-04,184,184,185,184,21010,0
2016-09-01,184,184,185,183,22340,0
2016-08-31,184,185,185,184,27410,0
2016-08-30,185,185,186,184,44830,0
2016-08-29,186,186,186,185,31130,0
2016-08-28,186,187,188,186,58280,0
2016-08-24,188,188,189,185,27060,0
2016-08-23,188,188,189,187,32380,0
2016-08-22,188,188,189,188,40310,0
2016-08-21,188,188,188,188,33640,0
2016-08-18,188,187,188,187,31430,0
2016-08-17,188,187,189,187,21310,0
2016-08-16,187,189,189,186,36630,0
2016-08-14,187,190,190,186,28630,0
2016-08-11,187,188,189,186,36930,0
2016-08-10,189,189,192,188,60510,0
2016-08-09,188,190,192,188,66010,0
2016-08-08,190,190,192,189,42450,0
2016-08-07,191,190,195,190,122860,0
2016-08-04,190,186,190,185,89780,0
2016-08-03,185,185,186,184,49970,0
2016-08-02,185,187,188,184,46820,0
2016-08-01,186,186,187,186,26640,0
2016-07-31,186,186,187,185,39590,0
2016-07-28,186,187,189,185,57130,0
2016-07-27,187,189,189,186,31340,0
2016-07-26,190,186,191,186,51900,0
2016-07-25,190,188,191,187,88170,0
2016-07-24,188,186,189,186,51520,0
2016-07-21,188,186,190,185,161070,0
2016-07-20,185,183,185,183,29610,0
2016-07-19,184,183,184,183,21400,0
2016-07-18,183,183,184,183,17870,0
2016-07-17,183,182,184,182,42180,0
2016-07-16,183,186,186,183,102680,0
2016-07-14,186,184,187,184,39740,0
2016-07-13,184,184,184,183,37250,0
2016-07-12,183,184,184,181,18500,0
2016-07-11,186,186,188,185,46760,0
2016-07-10,186,184,188,184,28590,0
2016-06-30,184,182,184,182,72060,0
2016-06-29,182,182,183,181,48360,0
2016-06-28,182,182,182,181,40290,0
2016-06-27,182,182,182,182,21010,0
2016-06-26,182,182,182,182,32850,0
2016-06-23,182,182,182,182,28050,0
2016-06-22,182,182,182,182,20440,0
2016-06-21,182,181,182,181,20670,0
2016-06-20,181,181,182,180,13930,0
2016-06-19,181,180,182,180,18370,0
2016-06-16,181,182,182,180,52060,0
2016-06-15,182,181,182,180,24240,0
2016-06-14,181,183,183,181,47490,0
2016-06-13,183,183,185,182,33000,0
2016-06-12,183,183,184,182,22180,0
2016-06-09,183,183,184,182,30450,0
2016-06-08,184,185,185,183,16450,0
2016-06-07,186,185,187,184,79550,0
2016-06-06,183,182,185,180,45610,0
2016-06-05,182,182,183,181,23600,0
2016-06-02,183,183,183,181,33320,0
2016-06-01,183,180,185,180,36270,0
2016-05-31,181,182,182,181,29540,0
2016-05-30,182,183,183,181,41800,0
2016-05-29,182,180,183,180,42620,0
2016-05-26,181,181,182,181,42130,0
2016-05-25,182,184,184,181,36380,0
2016-05-24,183,184,184,182,41300,0
2016-05-22,182,182,183,182,48180,0
2016-05-19,182,184,184,182,11680,0
2016-05-18,183,184,186,183,25520,0
2016-05-17,183,181,185,181,35920,0
2016-05-16,181,184,184,181,14270,0
2016-05-15,181,181,182,180,15650,0
2016-05-12,181,182,182,180,45550,0
2016-05-11,181,183,183,181,61260,0
2016-05-10,184,187,187,183,70870,0
2016-05-09,185,183,186,180,80130,0
2016-05-08,183,186,189,182,78960,0
2016-05-05,186,190,190,185,62600,0
2016-05-04,186,191,191,184,80530,0
2016-05-03,192,198,199,191,107020,0
2016-05-02,198,194,199,191,237260,0
2016-04-28,194,191,195,188,185450,0
2016-04-27,189,190,198,187,251740,0
2016-04-26,180,185,185,179,71440,0
2016-04-25,185,187,191,184,96550,0
2016-04-24,186,184,188,182,101590,0
2016-04-21,182,184,187,181,81450,0
2016-04-20,184,194,197,182,143760,0
2016-04-19,196,198,199,190,177060,0
2016-04-18,198,190,200,189,306480,0
2016-04-17,191,183,192,183,271520,0
2016-04-13,183,185,185,180,81540,0
2016-04-12,183,176,186,174,199750,0
2016-04-11,174,174,176,171,68370,0
2016-04-10,171,173,173,170,15320,0
2016-04-07,173,170,173,170,23730,0
2016-04-06,172,172,172,170,16220,0
2016-04-05,170,171,172,169,26970,0
2016-04-04,172,173,173,171,22140,0
2016-04-03,169,172,173,168,22790,0
2016-03-31,168,170,171,167,37570,0
2016-03-30,172,172,173,171,23640,0
2016-03-29,172,176,176,172,13610,0
2016-03-28,175,175,176,174,72330,0
2016-03-27,173,172,174,169,60720,0
2016-03-24,169,171,172,168,27760,0
2016-03-23,171,173,176,170,38750,0
2016-03-22,173,175,176,171,45070,0
2016-03-21,177,176,179,175,43860,0
2016-03-20,176,182,182,175,49250,0
2016-03-16,181,184,184,177,90590,0
2016-03-15,184,176,186,174,258250,0
2016-03-14,173,165,175,164,112180,0
2016-03-13,163,163,165,163,21260,0
2016-03-10,164,163,165,163,17550,0
2016-03-09,165,163,166,162,30010,0
2016-03-08,163,162,163,162,16910,0
2016-03-07,162,162,163,162,18650,0
2016-03-06,161,164,167,158,69320,0
2016-03-03,164,165,165,164,19810,0
2016-03-02,165,169,169,164,59760,0
2016-03-01,168,166,168,165,42150,0
2016-02-29,165,164,167,163,31120,0
2016-02-28,164,165,166,164,11970,0
2016-02-25,166,163,166,162,21090,0
2016-02-24,163,163,165,163,35430,0
2016-02-23,166,166,167,164,32350,0
2016-02-22,163,165,166,162,55900,0
2016-02-18,165,168,168,165,33480,0
2016-02-17,168,170,170,167,23210,0
2016-02-16,168,171,171,167,18660,0
2016-02-15,168,167,170,167,29470,0
2016-02-14,168,170,172,167,46490,0
2016-02-11,170,169,171,169,15030,0
2016-02-10,170,172,172,168,27600,0
2016-02-09,170,174,174,168,32860,0
2016-02-08,170,170,171,170,17100,0
2016-02-07,170,173,173,169,30220,0
2016-02-04,169,171,171,169,40660,0
2016-02-03,171,169,172,169,13360,0
2016-02-02,170,170,175,169,57510,0
2016-02-01,174,175,176,174,30790,0
2016-01-31,175,176,177,174,17210,0
2016-01-28,176,176,177,176,24940,0
2016-01-27,175,176,177,174,73020,0
2016-01-26,177,177,179,177,20800,0
2016-01-25,177,179,180,172,67290,0
2016-01-24,180,180,182,179,43180,0
2016-01-21,180,179,183,179,51740,0
2016-01-20,180,180,180,179,29070,0
2016-01-19,180,179,180,179,28130,0
2016-01-18,179,179,180,178,37890,0
2016-01-17,178,182,182,178,70620,0
2016-01-14,179,180,180,178,49920,0
2016-01-13,179,184,184,179,31210,0
2016-01-12,182,184,185,181,87920,0
2016-01-11,184,184,185,182,73060,0
2016-01-10,183,178,185,178,90950,0
2016-01-07,178,180,181,177,189660,0
2016-01-06,178,185,185,177,88400,0
2016-01-05,181,184,186,180,55480,0
2016-01-04,184,186,188,182,110700,0
2016-01-03,185,185,188,184,45070,0
2015-12-31,185,188,188,185,50860,0
2015-12-30,188,189,190,187,26050,0
2015-12-29,190,190,191,189,22660,0
2015-12-28,190,190,191,189,38180,0
2015-12-27,190,190,193,190,29180,0
2015-12-24,190,198,198,190,80620,0
2015-12-23,199,202,202,198,79730,0
2015-12-21,200,199,200,198,26330,0
2015-12-20,199,198,200,198,30800,0
2015-12-17,198,199,200,198,40650,0
2015-12-15,198,200,200,198,42840,0
2015-12-14,199,200,201,198,39610,0
2015-12-13,199,200,200,199,34390,0
2015-12-10,200,198,201,198,69390,0
2015-12-09,199,201,203,199,62190,0
2015-12-08,184,186,188,182,110700,0
2015-12-07,198,199,200,198,75020,0
2015-12-06,198,200,203,198,53130,0
2015-12-03,200,202,202,199,16080,0
2015-12-02,198,199,201,198,30870,0
2015-12-01,201,199,198,202,43580,0
2015-11-30,201,201,203,200,32350,0
2015-11-29,202,202,204,202,31090,0
2015-11-26,203,203,207,203,25010,0
2015-11-25,206,210,212,205,81680,0
2015-11-24,210,200,212,203,35130,0
2015-11-23,202,200,203,198,52220,0
2015-11-22,198,197,199,197,24870,0
2015-11-19,197,198,198,196,118740,0
2015-11-18,197,204,204,197,52300,0
2015-11-17,198,206,206,197,41870,0
2015-11-16,200,205,206,199,57640,0
2015-11-15,202,214,217,200,91530,0
2015-11-12,209,207,217,206,36510,0
2015-11-11,206,206,207,201,42230,0
2015-11-10,210,218,223,205,50810,0
2015-11-09,218,224,224,217,34370,0
2015-11-08,221,223,224,221,27810,0
2015-11-05,223,223,226,223,22970,0
2015-11-04,223,226,226,222,25200,0
2015-11-03,223,226,228,222,18780,0
2015-11-02,226,228,231,226,27570,0
2015-11-01,229,228,230,225,14230,0
2015-10-29,230,230,231,228,34040,0
2015-10-28,231,227,235,227,31400,0
2015-10-27,226,222,228,222,24630,0
2015-10-26,224,222,226,222,24620,0
2015-10-25,222,224,226,222,34150,0
2015-10-21,224,229,229,223,13860,0
2015-10-20,225,229,229,224,21040,0
2015-10-19,227,228,230,225,14240,0
2015-10-18,228,230,231,226,29290,0
2015-10-15,229,230,232,228,23240,0
2015-10-14,228,233,234,228,32030,0
2015-10-13,228,238,239,226,43340,0
2015-10-12,230,236,236,230,47620,0
2015-10-11,234,240,240,231,41590,0
2015-10-08,241,244,244,241,25620,0
2015-10-07,244,244,245,242,39750,0
2015-10-06,245,246,246,244,58230,0
2015-10-05,246,248,248,246,39980,0
2015-10-04,247,247,250,246,38430,0
2015-10-01,247,248,250,246,44550,0
2015-09-30,250,250,250,247,21990,0
2015-09-29,249,246,249,246,35420,0
2015-09-28,246,246,247,245,17050,0
2015-09-22,246,245,246,245,23180,0
2015-09-21,245,246,247,244,32740,0
2015-09-20,245,247,250,245,23850,0
2015-09-17,246,245,248,245,25630,0
2015-09-16,245,246,248,245,24420,0
2015-09-15,245,245,246,244,32190,0
2015-09-14,245,247,248,245,33490,0
2015-09-13,247,246,249,246,12030,0
2015-09-10,248,247,249,245,42740,0
2015-09-09,246,246,250,245,60470,0
2015-09-08,245,249,250,240,42930,0
2015-09-07,247,246,249,245,66330,0
2015-09-06,246,246,247,246,40190,0
2015-09-03,246,246,248,245,43880,0
2015-09-02,247,252,255,247,75320,0
2015-09-01,249,250,251,247,69610,0
2015-08-31,250,249,251,248,95230,0
2015-08-30,250,252,252,246,62830,0
2015-08-27,250,250,255,245,164980,0
2015-08-26,247,246,250,244,77420,0
2015-08-25,247,243,251,243,33810,0
2015-08-24,246,245,248,243,40400,0
2015-08-23,245,249,250,242,129330,0
2015-08-20,247,250,251,246,83380,0
2015-08-19,252,250,254,249,74690,0
2015-08-18,251,254,254,250,31430,0
2015-08-17,253,253,255,252,65980,0
2015-08-16,253,252,254,250,112910,0
2015-08-13,253,253,254,252,55960,0
2015-08-12,253,253,255,252,42410,0
2015-08-11,254,254,256,252,85070,0
2015-08-10,255,255,259,253,48280,0
2015-08-09,256,263,263,255,130860,0
2015-08-06,259,261,263,256,117630,0
2015-08-05,263,254,265,252,258650,0
2015-08-04,255,254,256,251,84790,0
2015-08-03,252,252,255,250,70300,0
2015-08-02,250,252,255,250,74260,0
2015-07-30,251,257,257,251,100000,0
2015-07-29,256,255,259,254,106380,0
2015-07-28,258,263,264,255,93020,0
2015-07-27,261,256,262,256,134370,0
2015-07-26,258,259,262,256,79530,0
2015-07-23,260,255,260,255,72870,0
2015-07-22,258,260,264,255,208410,0
2015-07-21,251,246,260,242,164360,0
2015-07-14,242,241,244,240,38770,0
2015-07-13,241,240,242,240,10860,0
2015-07-12,239,238,243,238,31710,0
2015-07-09,239,238,240,238,51020,0
2015-07-08,240,245,245,238,42830,0
2015-07-07,240,240,244,240,66180,0
2015-07-06,242,239,242,239,70690,0
2015-07-05,244,240,245,238,73070,0
2015-07-02,238,236,240,234,61570,0
2015-06-30,234,232,235,232,58080,0
2015-06-29,232,233,235,230,61560,0
2015-06-28,233,233,235,232,23760,0
2015-06-25,235,233,236,233,43970,0
2015-06-24,235,236,236,234,36620,0
2015-06-23,235,235,237,234,71800,0
2015-06-22,237,238,239,235,42350,0
2015-06-21,237,234,240,233,64140,0
2015-06-18,234,236,236,233,37680,0
2015-06-17,235,233,237,233,31840,0
2015-06-16,235,236,240,234,43840,0
2015-06-15,238,240,241,236,49750,0
2015-06-14,237,243,243,235,26250,0
2015-06-11,235,236,244,233,61450,0
2015-06-10,240,246,248,238,55470,0
2015-06-09,246,252,252,245,26430,0
2015-06-08,243,240,245,240,35290,0
2015-06-07,242,245,257,241,79950,0
2015-06-04,245,250,253,244,129420,0
2015-06-02,251,249,260,249,58370,0
2015-06-01,252,261,262,244,159340,0
2015-05-31,260,264,272,260,202390,0
2015-05-28,269,263,278,263,351590,0
2015-05-27,265,255,273,255,263650,0
2015-05-26,251,242,255,242,101480,0
2015-05-25,243,245,248,242,65480,0
2015-05-24,245,249,250,242,150920,0
2015-05-21,248,248,249,239,122300,0
2015-05-20,242,238,244,236,96340,0
2015-05-19,235,228,238,228,137940,0
2015-05-18,223,226,228,222,61490,0
2015-05-17,225,224,227,221,36830,0
2015-05-14,223,228,229,221,72840,0
2015-05-13,229,228,230,223,72870,0
2015-05-12,223,209,223,209,83280,0
2015-05-11,205,200,208,200,58670,0
2015-05-10,199,195,201,192,82830,0
2015-05-07,192,194,195,190,37300,0
2015-05-06,189,201,201,188,86290,0
2015-05-05,202,219,219,200,49260,0
2015-05-04,212,212,215,211,56820,0
2015-04-30,216,215,220,212,39030,0
2015-04-29,214,219,219,213,52730,0
2015-04-27,222,229,229,215,54910,0
2015-04-26,227,228,231,226,65140,0
2015-04-23,228,232,232,227,57050,0
2015-04-22,231,232,234,230,29580,0
2015-04-21,232,231,235,231,52480,0
2015-04-20,231,232,236,230,51850,0
2015-04-19,232,231,235,229,50460,0
2015-04-16,230,231,235,228,71250,0
2015-04-15,233,236,236,232,27460,0
2015-04-13,235,239,240,235,29280,0
2015-04-12,237,236,239,232,51430,0
2015-04-09,235,243,243,233,51150,0
2015-04-08,240,238,243,238,32240,0
2015-04-07,239,243,245,237,50780,0
2015-04-06,245,248,248,244,43930,0
2015-04-05,246,246,250,245,53040,0
2015-04-02,248,249,250,244,70910,0
2015-04-01,245,247,247,244,69130,0
2015-03-31,250,238,252,238,139060,0
2015-03-30,238,235,240,234,52430,0
2015-03-29,236,238,238,235,55940,0
2015-03-25,235,234,237,233,56410,0
2015-03-24,233,232,233,232,22020,0
2015-03-23,231,232,233,230,32310,0
2015-03-22,232,235,235,229,22950,0
2015-03-19,231,234,234,230,29180,0
2015-03-18,235,236,236,233,30050,0
2015-03-16,232,232,235,230,71610,0
2015-03-15,233,238,240,232,77570,0
2015-03-12,239,240,240,238,39370,0
2015-03-11,240,241,241,239,31750,0
2015-03-10,239,242,244,239,58040,0
2015-03-09,242,245,245,242,25380,0
2015-03-08,243,243,245,242,48950,0
2015-03-05,243,245,247,242,56340,0
2015-03-04,247,248,251,246,37540,0
2015-03-03,250,252,252,248,60250,0
2015-03-02,249,246,250,244,50820,0
2015-03-01,247,252,252,246,72070,0
2015-02-26,250,246,251,246,46540,0
2015-02-25,248,245,249,245,29340,0
2015-02-24,247,247,248,245,26290,0
2015-02-23,246,247,248,244,26250,0
2015-02-22,246,246,248,246,37430,0
2015-02-19,246,244,248,243,23230,0
2015-02-18,245,250,251,244,53850,0
2015-02-17,251,251,253,250,44680,0
2015-02-16,253,244,255,244,69280,0
2015-02-15,248,248,250,242,84400,0
2015-02-12,245,233,248,233,66020,0
2015-02-11,234,230,235,228,34600,0
2015-02-10,230,227,231,227,23890,0
2015-02-09,228,227,229,226,18060,0
2015-02-08,227,228,229,226,55880,0
2015-02-05,229,227,230,227,22100,0
2015-02-04,228,231,231,227,46740,0
2015-02-03,232,236,240,231,58210,0
2015-02-02,232,232,234,231,37860,0
2015-02-01,233,233,234,232,57780,0
2015-01-29,232,240,243,230,68080,0
2015-01-28,234,240,240,232,65240,0
2015-01-27,237,243,243,235,60400,0
2015-01-26,243,246,246,242,49560,0
2015-01-25,243,254,254,242,89950,0
2015-01-22,245,246,250,244,42300,0
2015-01-21,246,251,252,245,66040,0
2015-01-20,253,256,256,253,42250,0
2015-01-19,254,254,257,254,67040,0
2015-01-18,255,256,258,254,57810,0
2015-01-15,256,255,257,255,50850,0
2015-01-14,255,255,257,255,51990,0
2015-01-13,257,258,259,255,48260,0
2015-01-12,256,254,257,254,54160,0
2015-01-11,256,254,259,254,43810,0
2015-01-08,255,256,257,255,43250,0
2015-01-07,256,259,259,255,46450,0
2015-01-06,258,252,260,252,70740,0