datetime,open,high,low,close,volume,openinterest
2019-12-30 00:00:00,996.82,999.91,999.91,991.55,30130,0
2019-12-29 00:00:00,992.64,994.55,1000.00,992,8300,0
2019-12-26 00:00:00,992.18,985.55,999.55,985.46,5090,0
2019-12-24 00:00:00,981.64,999.09,999.09,978.18,27620,0
2019-12-23 00:00:00,992.91,1000.91,1012.09,991,7580,0
2019-12-22 00:00:00,1001.09,1015.73,1016.36,1000.00,4390,0
2019-12-19 00:00:00,1015.46,1021.73,1022.73,1014.64,1980,0
2019-12-18 00:00:00,999.64,1031.82,1031.82,995.55,10170,0
2019-12-17 00:00:00,1033.36,1038.36,1038.36,1030.91,25980,0
2019-12-15 00:00:00,1037.64,1042.18,1042.27,1037.27,8330,0
2019-12-12 00:00:00,1042.18,1045.45,1046.09,1040.09,6410,0
2019-12-11 00:00:00,1046.82,1044.09,1050.00,1044.09,3240,0
2019-12-10 00:00:00,1048.55,1058.09,1058.09,1045.45,3400,0
2019-12-09 00:00:00,1050.27,1059.00,1059.09,1041.82,2400,0
2019-12-08 00:00:00,1053.27,1048.18,1058.18,1041.91,5180,0
2019-12-05 00:00:00,1055.45,1058.18,1067.27,1050.00,3840,0
2019-12-04 00:00:00,1057.73,1051.27,1072.27,1045.45,5230,0
2019-12-03 00:00:00,1049.73,1045.45,1104.18,1042.00,7730,0
2019-12-02 00:00:00,1046.27,1059.09,1059.09,1041.82,16300,0
2019-12-01 00:00:00,968,957.27,971.82,950,21490,0
2019-11-28 00:00:00,1059.36,1060.91,1063.55,1057.45,17590,0
2019-11-27 00:00:00,1063.55,1060.18,1070.00,1060.00,13540,0
2019-11-26 00:00:00,1062.91,1063.64,1071.82,1057.36,18350,0
2019-11-25 00:00:00,1068.18,1074.36,1074.36,1064.55,9670,0
2019-11-24 00:00:00,1069.45,1079.09,1085.45,1064.55,18250,0
2019-11-21 00:00:00,1083.09,1089.09,1100.00,1070.18,36860,0
2019-11-20 00:00:00,1081.98,1082.65,1090.08,1080.17,36890,0
2019-11-19 00:00:00,1081.57,1081.41,1085.95,1077.69,29320,0
2019-11-18 00:00:00,1081.41,1091.74,1091.74,1066.78,14110,0
2019-11-17 00:00:00,1079.83,1107.44,1107.44,1074.38,129250,0
2019-11-14 00:00:00,1112.23,1089.42,1115.70,1084.30,100920,0
2019-11-13 00:00:00,1089.34,1082.65,1092.56,1079.50,26830,0
2019-11-12 00:00:00,1080.08,1075.21,1080.99,1073.55,32290,0
2019-11-11 00:00:00,1070.00,1066.12,1075.21,1064.79,69490,0
2019-11-07 00:00:00,1065.29,1065.29,1067.69,1064.46,13830,0
2019-11-06 00:00:00,1065.79,1067.77,1069.42,1063.64,33170,0
2019-11-05 00:00:00,1065.70,1066.28,1072.40,1064.55,21890,0
2019-11-04 00:00:00,1068.27,1073.39,1073.39,1066.28,13110,0
2019-11-03 00:00:00,1067.11,1065.37,1067.77,1064.46,9810,0
2019-10-31 00:00:00,1066.36,1086.78,1086.78,1057.85,35050,0
2019-10-30 00:00:00,1076.61,1080.74,1080.99,1071.16,11020,0
2019-10-29 00:00:00,1080.41,1079.42,1082.48,1078.51,14730,0
2019-10-28 00:00:00,1081.41,1074.30,1082.56,1074.30,32940,0
2019-10-27 00:00:00,1074.30,1068.59,1077.60,1062.81,12030,0
2019-10-24 00:00:00,1073.64,1083.47,1083.47,1066.20,13400,0
2019-10-23 00:00:00,1080.83,1078.35,1083.47,1066.61,65280,0
2019-10-22 00:00:00,1077.52,1072.73,1078.51,1063.72,13840,0
2019-10-21 00:00:00,1076.12,1069.42,1076.86,1058.02,33360,0
2019-10-20 00:00:00,1073.14,1057.93,1077.69,1057.85,34320,0
2019-10-17 00:00:00,1066.61,1057.93,1069.26,1057.93,32700,0
2019-10-16 00:00:00,1061.90,1057.85,1063.31,1051.74,15110,0
2019-10-15 00:00:00,1057.44,1049.50,1061.98,1043.97,8390,0
2019-10-14 00:00:00,1050.08,1048.76,1057.77,1048.18,3070,0
2019-10-13 00:00:00,1054.71,1066.12,1070.25,1049.83,4450,0
2019-10-10 00:00:00,1054.63,1059.26,1061.90,1049.59,2940,0
2019-10-09 00:00:00,1061.07,1051.24,1061.98,1046.36,7680,0
2019-10-07 00:00:00,1059.09,1035.70,1070.25,1035.70,4310,0
2019-10-06 00:00:00,1066.69,1070.25,1070.25,1057.85,6200,0
2019-10-03 00:00:00,1058.35,1045.54,1064.46,1044.63,5840,0
2019-10-02 00:00:00,1044.79,1043.06,1049.59,1043.06,3190,0
2019-10-01 00:00:00,1042.89,1049.59,1053.22,1041.32,12210,0
2019-09-30 00:00:00,1049.42,1050.50,1062.81,1046.28,10450,0
2019-09-29 00:00:00,1049.42,1066.12,1066.12,1046.28,12880,0
2019-09-26 00:00:00,1062.07,1066.12,1066.12,1033.06,9220,0
2019-09-25 00:00:00,1063.14,1088.43,1093.22,1058.84,6180,0
2019-09-24 00:00:00,1087.60,1073.14,1090.91,1070.25,87610,0
2019-09-23 00:00:00,1073.14,1053.72,1076.03,1045.54,22670,0
2019-09-22 00:00:00,1051.16,1066.12,1078.51,1033.47,55380,0
2019-09-19 00:00:00,1065.79,1079.67,1081.82,1053.72,27310,0
2019-09-18 00:00:00,1085.54,1062.31,1086.78,1062.15,82810,0
2019-09-17 00:00:00,1071.16,1061.98,1073.55,1047.44,38910,0
2019-09-16 00:00:00,1061.65,1047.85,1062.81,1047.11,33200,0
2019-09-15 00:00:00,1052.97,1042.97,1057.03,1037.69,62360,0
2019-09-12 00:00:00,1042.97,1038.84,1045.45,1037.60,43650,0
2019-09-11 00:00:00,1042.31,1041.32,1049.34,1029.42,37300,0
2019-09-09 00:00:00,1037.27,1024.79,1044.63,1019.17,55170,0
2019-09-08 00:00:00,1019.92,1018.93,1023.97,1010.91,37260,0
2019-09-05 00:00:00,1014.88,991.74,1016.53,991.74,133440,0
2019-09-04 00:00:00,990.66,979.67,991.74,979.59,26730,0
2019-09-03 00:00:00,981.9,980.08,986.69,979.26,19050,0
2019-09-02 00:00:00,980.33,982.56,983.47,979.92,11050,0
2019-09-01 00:00:00,981.98,994.22,995.04,980.25,10520,0
2019-08-29 00:00:00,992.4,981.74,995.04,981.74,24360,0
2019-08-28 00:00:00,981.74,981.82,983.47,980.58,19870,0
2019-08-27 00:00:00,981.74,983.8,986.28,980.33,3050,0
2019-08-26 00:00:00,985.21,984.38,991.32,983.47,33110,0
2019-08-25 00:00:00,984.71,984.3,990.91,982.65,4130,0
2019-08-22 00:00:00,983.88,983.88,986.78,982.73,11800,0
2019-08-21 00:00:00,985.62,990.08,991.74,984.3,8200,0
2019-08-20 00:00:00,982.97,980.33,987.6,977.03,2850,0
2019-08-19 00:00:00,980.33,978.51,994.22,978.51,4930,0
2019-08-18 00:00:00,981.49,974.46,987.52,974.46,2800,0
2019-08-08 00:00:00,983.55,990.91,990.91,983.47,1410,0
2019-08-07 00:00:00,987.03,991.74,996.03,985.21,8380,0
2019-08-06 00:00:00,990.08,982.65,990.91,976.86,13440,0
2019-08-05 00:00:00,983.22,971.24,986.28,971.24,3670,0
2019-08-04 00:00:00,974.79,964.55,975.12,964.55,3710,0
2019-08-01 00:00:00,967.36,964.96,970.25,964.96,5390,0
2019-07-31 00:00:00,970.41,972.31,975.04,969.42,5680,0
2019-07-30 00:00:00,970.66,969.84,974.38,969.42,6880,0
2019-07-29 00:00:00,968.02,976.03,976.03,967.03,8520,0
2019-07-28 00:00:00,976.94,975.46,980.16,975.46,6310,0
2019-07-25 00:00:00,978.02,976.86,979.34,973.72,4300,0
2019-07-24 00:00:00,981.65,975.21,983.06,975.21,3990,0
2019-07-23 00:00:00,974.3,956.69,983.47,956.2,12910,0
2019-07-22 00:00:00,958.93,957.27,962.81,957.27,6470,0
2019-07-21 00:00:00,962.23,962.89,972.73,961.41,2210,0
2019-07-18 00:00:00,968.59,964.46,975.12,961.16,1150,0
2019-07-17 00:00:00,961.16,961.16,966.94,960.33,9520,0
2019-07-16 00:00:00,960.91,967.44,971.9,958.68,2880,0
2019-07-15 00:00:00,970.58,975.21,975.21,966.61,6870,0
2019-07-14 00:00:00,972.81,981.82,981.82,971.24,7700,0
2019-07-11 00:00:00,979.67,990.83,990.83,978.51,6300,0
2019-07-10 00:00:00,986.28,984.38,987.52,980.25,9010,0
2019-07-09 00:00:00,987.27,987.6,987.6,983.31,12610,0
2019-07-08 00:00:00,985.12,991.74,991.74,984.55,2190,0
2019-07-07 00:00:00,985.21,991.57,991.57,984.79,2370,0
2019-07-04 00:00:00,986.28,990.83,990.83,985.95,5790,0
2019-07-03 00:00:00,989.09,981.74,991.74,981.65,9350,0
2019-07-02 00:00:00,990.41,991.57,996.69,985.12,46600,0
2019-06-30 00:00:00,987.77,991.65,995.87,982.31,27530,0
2019-06-27 00:00:00,988.02,991.65,991.74,983.47,10920,0
2019-06-26 00:00:00,988.93,987.6,990.83,986.78,10230,0
2019-06-25 00:00:00,989.17,991.74,995.04,984.46,19570,0
2019-06-24 00:00:00,992.65,991.74,993.22,986.03,15410,0
2019-06-23 00:00:00,991.74,991.74,993.39,983.47,12510,0
2019-06-20 00:00:00,992.4,978.59,995.04,978.51,22270,0
2019-06-19 00:00:00,987.52,986.12,991.65,973.55,9310,0
2019-06-18 00:00:00,986.12,991.74,991.74,977.69,9290,0
2019-06-17 00:00:00,982.97,988.51,1001.57,979.26,17080,0
2019-06-16 00:00:00,984.55,978.51,990.08,976.94,7350,0
2019-06-13 00:00:00,975.12,975.21,975.21,966.53,18610,0
2019-06-12 00:00:00,967.11,974.3,974.3,966.53,14390,0
2019-06-11 00:00:00,972.97,964.55,978.43,964.55,3350,0
2019-06-10 00:00:00,964.55,968.02,968.02,963.88,7410,0
2019-06-09 00:00:00,968.02,966.94,968.59,966.12,3800,0
2019-05-30 00:00:00,965.37,966.94,973.22,964.46,5670,0
2019-05-29 00:00:00,965.04,963.72,968.59,963.64,9030,0
2019-05-28 00:00:00,964.71,966.94,976.86,962.89,12750,0
2019-05-27 00:00:00,966.94,969.92,969.92,963.64,4250,0
2019-05-26 00:00:00,961.98,958.76,969.01,958.68,8350,0
2019-05-23 00:00:00,957.11,961.16,962.81,955.87,20600,0
2019-05-22 00:00:00,958.18,963.64,963.64,956.53,10160,0
2019-05-21 00:00:00,962.23,975.21,975.21,961.32,7970,0
2019-05-20 00:00:00,964.88,982.65,982.65,962.81,2950,0
2019-05-19 00:00:00,962.15,961.57,966.86,961.16,6860,0
2019-05-16 00:00:00,964.46,960.33,964.46,960.33,3030,0
2019-05-15 00:00:00,960.33,959.01,966.86,959.01,3590,0
2019-05-14 00:00:00,959.01,964.05,967.77,958.68,6600,0
2019-05-13 00:00:00,964.96,966.53,968.59,963.64,1500,0
2019-05-12 00:00:00,966.53,967.03,967.85,965.46,6740,0
2019-05-09 00:00:00,967.03,964.55,970.16,964.05,2200,0
2019-05-08 00:00:00,966.36,965.12,973.14,963.88,19440,0
2019-05-07 00:00:00,966.86,967.03,971.9,966.61,14860,0
2019-05-06 00:00:00,967.52,975.21,975.21,965.29,13040,0
2019-05-05 00:00:00,968.84,1065.73,978.1,965.29,21760,0
2019-05-02 00:00:00,972.48,967.03,977.69,964.46,3750,0
2019-04-30 00:00:00,967.93,968.59,973.55,966.94,4910,0
2019-04-29 00:00:00,973.39,976.12,978.02,967.19,2980,0
2019-04-28 00:00:00,976.12,970.33,978.59,970.33,10740,0
2019-04-25 00:00:00,977.85,964.63,978.93,963.22,11150,0
2019-04-24 00:00:00,973.06,983.47,990.41,963.88,7110,0
2019-04-23 00:00:00,966.86,959.17,968.93,959.17,8170,0
2019-04-21 00:00:00,965.7,965.87,968.59,962.56,9910,0
2019-04-18 00:00:00,963.06,964.46,964.46,960.33,6390,0
2019-04-17 00:00:00,960,953.14,964.46,953.06,5940,0
2019-04-16 00:00:00,967.03,978.51,978.51,965.29,4620,0
2019-04-15 00:00:00,964.3,956.86,979.34,950.5,9000,0
2019-04-11 00:00:00,956.69,970.99,970.99,954.55,15030,0
2019-04-10 00:00:00,963.06,959.75,965.29,958.76,6300,0
2019-04-09 00:00:00,962.31,958.68,979.34,958.68,6030,0
2019-04-08 00:00:00,966.86,965.46,970.99,962.81,2300,0
2019-04-07 00:00:00,960.66,961.16,964.13,954.55,3350,0
2019-04-04 00:00:00,956.2,967.44,968.68,955.12,15770,0
2019-04-03 00:00:00,968.76,978.43,978.51,966.2,7310,0
2019-04-02 00:00:00,968.93,975.78,982.65,963.64,39850,0
2019-04-01 00:00:00,982.31,990.08,990.08,975.21,4850,0
2019-03-31 00:00:00,983.64,979.59,991.74,979.59,13120,0
2019-03-28 00:00:00,979.59,980.33,986.69,979.34,3660,0
2019-03-27 00:00:00,981.16,989.26,990.91,979.34,8700,0
2019-03-25 00:00:00,980.33,963.72,982.48,961.16,8630,0
2019-03-24 00:00:00,970.41,977.69,977.69,965.29,16780,0
2019-03-21 00:00:00,971.41,987.6,994.79,971.08,21380,0
2019-03-20 00:00:00,989.92,1005.78,1005.78,979.34,13520,0
2019-03-19 00:00:00,1010.58,1000.83,1029.42,993.39,52060,0
2019-03-18 00:00:00,996.53,975.21,1012.40,974.3,60770,0
2019-03-14 00:00:00,970.91,965.12,974.38,964.46,14580,0
2019-03-13 00:00:00,962.07,958.68,963.64,956.2,14180,0
2019-03-12 00:00:00,958.27,0.83,960.25,951.65,6210,0
2019-03-11 00:00:00,951.32,956.03,956.2,950.83,15610,0
2019-03-10 00:00:00,955.95,959.34,959.42,954.63,10360,0
2019-03-07 00:00:00,959.34,958.93,966.86,953.14,8490,0
2019-03-06 00:00:00,959.01,964.46,964.46,953.31,9390,0
2019-03-05 00:00:00,961.32,966.12,966.12,954.55,8690,0
2019-03-04 00:00:00,965.46,964.46,973.06,964.46,3390,0
2019-03-03 00:00:00,964.46,966.28,966.28,961.32,7060,0
2019-02-27 00:00:00,969.92,974.3,975.21,965.29,6000,0
2019-02-26 00:00:00,968.18,965.29,968.76,964.13,3730,0
2019-02-25 00:00:00,967.19,962.97,968.59,958.68,14440,0
2019-02-24 00:00:00,966.69,960.33,975.04,956.78,6350,0
2019-02-20 00:00:00,966.86,966.94,977.6,955.54,4980,0
2019-02-19 00:00:00,967.27,974.96,975.21,959.75,9140,0
2019-02-18 00:00:00,974.88,957.11,979.26,957.11,16890,0
2019-02-17 00:00:00,972.4,971.9,990.91,962.81,30890,0
2019-02-14 00:00:00,959.34,966.94,966.94,950.41,12800,0
2019-02-13 00:00:00,963.8,960.58,971.9,950.41,15160,0
2019-02-12 00:00:00,960,992.89,992.89,955.37,15380,0
2019-02-11 00:00:00,992.89,958.68,998.35,958.68,36280,0
2019-02-10 00:00:00,953.88,945.46,975.21,944.79,73820,0
2019-02-07 00:00:00,945.12,952.07,952.89,943.97,17940,0
2019-02-06 00:00:00,948.59,943.88,952.07,943.88,18560,0
2019-02-05 00:00:00,943.55,941.32,949.26,937.19,8650,0
2019-02-04 00:00:00,939.26,942.15,942.15,937.19,12270,0
2019-02-03 00:00:00,941.82,944.05,947.11,940.5,20210,0
2019-01-31 00:00:00,944.05,946.28,950.08,942.15,3620,0
2019-01-30 00:00:00,943.31,950.08,950.08,941.32,9240,0
2019-01-29 00:00:00,942.31,942.15,945.21,941.74,5990,0
2019-01-28 00:00:00,941.74,951.57,951.57,939.67,16900,0
2019-01-27 00:00:00,942.81,950.41,950.41,940.91,5580,0
2019-01-24 00:00:00,947.69,950.41,952.73,946.28,5860,0
2019-01-23 00:00:00,950.08,946.28,950.41,944.63,20800,0
2019-01-22 00:00:00,942.15,943.8,950.41,942.15,27010,0
2019-01-21 00:00:00,940.83,947.11,948.76,939.17,10630,0
2019-01-20 00:00:00,945.7,945.46,948.76,942.97,4520,0
2019-01-17 00:00:00,946.45,950.41,952.15,942.15,12260,0
2019-01-16 00:00:00,950,949.59,950.83,947.36,22080,0
2019-01-15 00:00:00,948.51,949.5,949.5,946.45,4640,0
2019-01-14 00:00:00,948.35,944.88,950.33,944.71,24750,0
2019-01-13 00:00:00,944.88,949.59,949.59,944.05,9120,0
2019-01-10 00:00:00,947.6,949.59,950.83,946.28,14320,0
2019-01-09 00:00:00,948.59,942.97,949.59,942.97,9170,0
2019-01-08 00:00:00,945.21,943.8,947.85,942.48,8350,0
2019-01-07 00:00:00,943.72,942.97,948.84,939.26,18680,0
2019-01-06 00:00:00,943.72,934.22,943.97,934.13,11080,0
2019-01-03 00:00:00,938.51,938.84,941.98,938.18,11080,0
2019-01-02 00:00:00,935.62,938.02,940.41,934.88,7080,0
2019-01-01 00:00:00,943.47,938.02,946.28,933.88,12250,0
2018-12-27 00:00:00,934.71,932.4,938.02,932.31,21750,0
2018-12-26 00:00:00,932.4,931.65,938.84,928.93,7800,0
2018-12-24 00:00:00,931.65,941.32,941.32,926.61,10980,0
2018-12-23 00:00:00,942.23,939.01,942.97,939.01,4530,0
2018-12-20 00:00:00,940.16,941.24,945.46,938.84,3850,0
2018-12-19 00:00:00,941.24,942.97,943.72,939.17,10450,0
2018-12-18 00:00:00,944.3,936.45,953.55,929.01,11270,0
2018-12-17 00:00:00,943.97,944.63,946.28,942.97,10440,0
2018-12-13 00:00:00,943.88,933.97,944.63,933.06,12840,0
2018-12-12 00:00:00,938.02,933.8,944.22,929.17,9880,0
2018-12-11 00:00:00,930.5,930.25,934.55,930.25,4950,0
2018-12-10 00:00:00,930.08,929.84,933.8,926.45,3240,0
2018-12-09 00:00:00,930.74,933.06,934.71,929.75,3610,0
2018-12-06 00:00:00,932.07,931.41,935.54,930.66,16450,0
2018-12-05 00:00:00,933.64,939.26,939.26,933.06,8320,0
2018-12-04 00:00:00,932.31,931.41,941.32,930.58,4560,0
2018-12-03 00:00:00,934.13,936.36,942.15,926.61,7060,0
2018-12-02 00:00:00,943.8,928.18,956.94,921.57,19080,0
2018-11-29 00:00:00,928.18,938.76,938.76,925.62,12370,0
2018-11-28 00:00:00,934.22,933.88,940.33,928.1,9950,0
2018-11-27 00:00:00,932.23,936.86,936.86,927.69,12390,0
2018-11-26 00:00:00,921.9,933.88,937.03,921.49,9320,0
2018-11-25 00:00:00,931.98,931.74,942.15,930.25,11680,0
2018-11-22 00:00:00,929.42,940.41,940.41,917.36,9250,0
2018-11-20 00:00:00,938.51,939.01,945.46,933.88,13530,0
2018-11-19 00:00:00,939.01,909.09,975.21,900.83,19030,0
2018-11-18 00:00:00,930.22,928.21,931.66,923.54,21740,0
2018-11-15 00:00:00,926.2,922.74,927.85,922.03,14120,0
2018-11-14 00:00:00,922.24,921.31,923.46,917,9040,0
2018-11-13 00:00:00,919.94,913.91,927.2,913.91,9200,0
2018-11-12 00:00:00,920.8,915.92,923.46,902.26,17510,0
2018-11-11 00:00:00,912.47,907.01,915.49,907.01,9640,0
2018-11-08 00:00:00,907.08,907.65,911.39,905.5,5900,0
2018-11-07 00:00:00,907.58,898.38,908.95,898.38,8390,0
2018-11-06 00:00:00,904.28,907.01,910.46,903.34,19060,0
2018-11-05 00:00:00,910.46,923.46,923.46,901.83,11500,0
2018-11-04 00:00:00,915.7,896.16,919.87,891.13,12700,0
2018-11-01 00:00:00,976.6,971.46,983.4,969.64,17340,0
2018-10-31 00:00:00,969.64,971.15,971.15,967.59,12140,0
2018-10-30 00:00:00,969.25,969.17,979.45,962.85,17910,0
2018-10-29 00:00:00,962.29,964.43,964.43,958.97,5110,0
2018-10-28 00:00:00,959.21,953.36,963.95,953.36,3520,0
2018-10-25 00:00:00,956.6,948.62,960.32,947.04,1040,0
2018-10-24 00:00:00,951.86,944.66,954.39,944.66,2390,0
2018-10-23 00:00:00,951.46,954.94,967.59,949.41,23280,0
2018-10-22 00:00:00,958.66,967.51,967.51,956.6,2540,0
2018-10-21 00:00:00,960.47,966.4,966.4,960.47,15300,0
2018-10-18 00:00:00,965.85,967.67,967.67,961.34,3470,0
2018-10-17 00:00:00,969.33,971.54,971.54,967.67,1450,0
2018-10-16 00:00:00,969.8,972.33,973.91,968.38,2360,0
2018-10-15 00:00:00,971.23,970.59,973.91,969.96,1850,0
2018-10-14 00:00:00,970.67,969.96,976.28,969.64,4500,0
2018-10-11 00:00:00,969.64,973.91,980.24,966.17,15070,0
2018-10-10 00:00:00,975.1,969.41,976.28,969.41,3780,0
2018-10-09 00:00:00,975.81,976.21,976.21,973.28,1950,0
2018-10-08 00:00:00,971.86,970.36,976.28,967.98,11020,0
2018-10-07 00:00:00,970.83,969.17,971.54,967.75,3570,0
2018-10-04 00:00:00,969.17,965.22,971.54,965.22,2330,0
2018-10-03 00:00:00,967.59,972.09,972.09,967.35,3230,0
2018-10-02 00:00:00,969.41,968.38,969.96,965.22,6350,0
2018-10-01 00:00:00,966.01,967.19,969.17,963.24,3470,0
2018-09-30 00:00:00,967.19,960.08,969.96,960.08,1820,0
2018-09-27 00:00:00,962.06,971.46,971.46,956.52,8280,0
2018-09-26 00:00:00,955.34,964.43,964.43,952.57,6340,0
2018-09-25 00:00:00,961.03,967.04,967.04,956.6,5700,0
2018-09-24 00:00:00,967.04,979.45,979.45,966.48,1430,0
2018-09-23 00:00:00,969.57,964.74,972.33,964.74,1840,0
2018-09-20 00:00:00,965.77,964.43,968.38,963.64,3730,0
2018-09-19 00:00:00,964.03,961.42,965.14,961.42,1050,0
2018-09-18 00:00:00,964.58,961.26,966.01,960.47,6420,0
2018-09-17 00:00:00,963.08,968.38,972.09,962.13,10950,0
2018-09-16 00:00:00,967.35,964.9,972.25,964.9,9490,0
2018-09-13 00:00:00,964.03,964.51,969.96,963.72,4180,0
2018-09-12 00:00:00,966.01,965.22,972.25,962.69,8870,0
2018-09-11 00:00:00,965.14,967.04,967.59,964.43,2370,0
2018-09-10 00:00:00,967.59,972.33,973.91,964.51,4170,0
2018-09-09 00:00:00,970.99,980.24,980.24,969.57,8920,0
2018-09-06 00:00:00,972.33,961.03,979.45,961.03,8560,0
2018-09-05 00:00:00,964.03,970.75,970.99,960.08,16060,0
2018-09-04 00:00:00,962.45,972.33,972.33,960.47,15400,0
2018-09-03 00:00:00,972.33,972.41,973.12,971.94,4510,0
2018-08-30 00:00:00,972.33,971.3,972.33,970.75,7710,0
2018-08-29 00:00:00,969.88,970.75,972.33,969.25,6070,0
2018-08-28 00:00:00,969.25,971.78,972.25,964.43,2720,0
2018-08-27 00:00:00,971.78,972.33,973.91,964.43,2570,0
2018-08-26 00:00:00,973.04,966.4,974.62,960.47,13970,0
2018-08-20 00:00:00,965.53,976.28,976.28,964.43,8000,0
2018-08-19 00:00:00,973.36,984.19,986.48,972.33,8020,0
2018-08-16 00:00:00,973.68,976.84,977.07,972.33,16230,0
2018-08-14 00:00:00,975.81,977.07,979.45,975.65,12020,0
2018-08-13 00:00:00,979.84,980.08,982.61,978.66,4300,0
2018-08-12 00:00:00,978.97,981.03,981.03,978.66,3440,0
2018-08-09 00:00:00,979.53,982.61,987.19,978.58,2150,0
2018-08-08 00:00:00,983.48,980.24,988.14,975.1,3580,0
2018-08-07 00:00:00,981.42,975.49,983.48,975.02,2060,0
2018-08-06 00:00:00,978.42,977.31,983.24,972.33,5330,0
2018-08-05 00:00:00,976.36,986.56,988.14,975.49,4920,0
2018-08-02 00:00:00,986.09,985.38,988.14,985.38,1370,0
2018-08-01 00:00:00,984.58,988.93,995.97,982.06,7160,0
2018-07-31 00:00:00,988.62,989.17,1002.29,988.54,1160,0
2018-07-30 00:00:00,992.09,1002.06,1002.06,990.59,340,0
2018-07-29 00:00:00,990.51,990.67,995.18,989.88,3710,0
2018-07-26 00:00:00,990.67,992.09,996.05,988.14,3680,0
2018-07-25 00:00:00,1001.19,1003.87,1011.07,1000.79,8100,0
2018-07-24 00:00:00,1000.08,1000.08,1003.72,988.46,4660,0
2018-07-23 00:00:00,990.04,987.98,993.68,984.19,4540,0
2018-07-22 00:00:00,989.01,1000.00,1003.87,984.98,7660,0
2018-07-19 00:00:00,996.05,980.24,1027.67,980.24,26230,0
2018-07-18 00:00:00,983.16,985.22,986.56,976.28,8120,0
2018-07-17 00:00:00,985.61,985.61,991.3,985.77,3840,0
2018-07-16 00:00:00,987.27,988.14,992.09,986.64,2760,0
2018-07-15 00:00:00,989.17,991.54,1007.90,988.14,7610,0
2018-07-12 00:00:00,991.54,992.89,1000.00,988.22,7330,0
2018-07-11 00:00:00,998.34,992.89,1003.95,991.78,5200,0
2018-07-10 00:00:00,1002.92,981.9,1004.74,981.9,3720,0
2018-07-09 00:00:00,992.73,992.57,998.5,985.85,5750,0
2018-07-08 00:00:00,992.57,988.14,995.97,988.14,4200,0
2018-07-05 00:00:00,995.26,1000.00,1007.90,990.59,5000,0
2018-07-04 00:00:00,999.45,1026.01,1026.01,996.05,6770,0
2018-07-03 00:00:00,1024.90,1011.07,1041.90,993.75,52780,0
2018-07-02 00:00:00,1009.41,1003.87,1026.09,997.79,16080,0
2018-06-28 00:00:00,991.54,977.94,1003.95,976.76,85370,0
2018-06-27 00:00:00,977.94,987.9,992.09,976.28,116290,0
2018-06-26 00:00:00,987.9,979.29,988.14,969.25,16860,0
2018-06-25 00:00:00,968.93,963.95,980.16,960.47,8300,0
2018-06-24 00:00:00,963.95,962.85,968.38,956.52,6360,0
2018-06-21 00:00:00,957.87,955.02,962.85,954.94,5970,0
2018-06-20 00:00:00,957.55,957.31,964.35,954.94,4420,0
2018-06-19 00:00:00,955.73,962.85,962.85,952.57,4640,0
2018-06-18 00:00:00,955.02,964.43,968.38,950.2,8640,0
2018-06-12 00:00:00,962.85,949.57,972.02,949.49,3890,0
2018-06-11 00:00:00,952.25,966.01,978.97,948.62,11930,0
2018-06-10 00:00:00,965.06,960.63,968.38,960.63,6740,0
2018-06-07 00:00:00,960.47,968.38,968.38,959.05,17480,0
2018-06-06 00:00:00,964.74,964.43,980.08,961.34,3640,0
2018-06-05 00:00:00,960.95,949.01,963.64,948.62,3310,0
2018-06-04 00:00:00,955.65,988.14,988.14,948.62,9640,0
2018-06-03 00:00:00,973.04,974.23,976.28,970.2,6990,0
2018-05-31 00:00:00,972.96,976.36,979.29,972.41,5590,0
2018-05-30 00:00:00,978.89,980.24,982.61,976.36,6570,0
2018-05-29 00:00:00,979.6,984.19,984.19,976.28,22600,0
2018-05-28 00:00:00,977.39,972.33,980.24,972.33,1040,0
2018-05-27 00:00:00,973.04,976.21,976.52,972.33,2550,0
2018-05-24 00:00:00,972.33,978.66,981.66,969.41,5300,0
2018-05-23 00:00:00,978.42,981.03,981.82,977.23,1960,0
2018-05-22 00:00:00,980.79,988.06,988.14,980.24,36910,0
2018-05-21 00:00:00,985.06,980.24,988.14,978.66,2990,0
2018-05-20 00:00:00,978.34,979.68,981.82,977.07,1320,0
2018-05-17 00:00:00,980.87,980.24,983.79,979.53,1770,0
2018-05-16 00:00:00,981.5,981.03,982.45,978.74,5830,0
2018-05-15 00:00:00,979.37,980.4,984.19,978.66,4780,0
2018-05-14 00:00:00,977.79,984.98,984.98,977.07,3040,0
2018-05-13 00:00:00,980.63,984.98,985.77,980,3240,0
2018-05-10 00:00:00,985.3,990.51,990.51,984.98,5310,0
2018-05-09 00:00:00,987.9,992.09,992.09,987.35,3620,0
2018-05-08 00:00:00,988.06,988.14,992.09,977.15,5950,0
2018-05-07 00:00:00,990.83,996.05,996.05,986.17,5480,0
2018-05-06 00:00:00,997.55,1003.16,1003.95,992.09,23450,0
2018-05-03 00:00:00,990.2,988.06,990.51,984.58,16790,0
2018-04-30 00:00:00,987.04,977.23,992.02,977.23,1190,0
2018-04-26 00:00:00,985.85,987.19,988.14,984.98,3380,0
2018-04-25 00:00:00,987.35,986.56,989.72,985.77,9150,0
2018-04-24 00:00:00,975.65,976.68,982.13,973.52,2530,0
2018-04-23 00:00:00,981.11,985.69,985.77,980.24,4220,0
2018-04-22 00:00:00,984.98,985.3,988.14,980.24,3310,0
2018-04-19 00:00:00,985.3,969.57,987.35,969.57,2400,0
2018-04-18 00:00:00,969.49,977.55,977.55,968.38,6120,0
2018-04-17 00:00:00,977.55,978.5,981.34,974.07,2990,0
2018-04-16 00:00:00,979.6,982.21,983,976.28,1730,0
2018-04-15 00:00:00,979.37,985.14,988.14,977.87,3470,0
2018-04-12 00:00:00,986.56,995.18,995.18,985.93,4040,0
2018-04-11 00:00:00,985.45,988.14,988.85,984.19,820,0
2018-04-10 00:00:00,985.06,991.3,992.02,984.19,960,0
2018-04-09 00:00:00,987.11,983.4,988.14,982.37,5370,0
2018-04-08 00:00:00,982.61,984.98,991.62,982.29,5330,0
2018-04-05 00:00:00,982.37,995.97,995.97,981.82,3640,0
2018-04-04 00:00:00,988.93,987.35,992.09,981.58,3060,0
2018-04-03 00:00:00,982.45,980.24,983.4,979.6,4780,0
2018-04-02 00:00:00,975.41,980.24,983.4,973.91,1910,0
2018-04-01 00:00:00,973.04,984.58,987.98,972.33,173810,0
2018-03-29 00:00:00,984.51,988.14,993.68,984.19,750,0
2018-03-28 00:00:00,989.01,1003.08,1003.08,983.64,500,0
2018-03-27 00:00:00,981.82,986.64,995.65,976.28,4300,0
2018-03-25 00:00:00,988.93,986.72,992.89,986.72,2490,0
2018-03-22 00:00:00,988.77,980.32,996.05,980.32,2700,0
2018-03-21 00:00:00,999.13,992.65,1002.69,992.09,5990,0
2018-03-20 00:00:00,996.21,997.71,1003.08,992.09,1140,0
2018-03-19 00:00:00,1002.61,1003.16,1003.95,992.09,6070,0
2018-03-18 00:00:00,1003.40,959.68,1007.83,959.68,19410,0
2018-03-15 00:00:00,999.13,985.77,1003.16,981.82,14910,0
2018-03-14 00:00:00,989.8,997.63,997.63,985.22,1770,0
2018-03-13 00:00:00,994.39,992.17,998.34,992.09,1320,0
2018-03-12 00:00:00,997.07,1003.79,1003.95,996.05,4880,0
2018-03-11 00:00:00,998.81,1003.87,1003.87,992.49,5350,0
2018-03-08 00:00:00,990.2,992.09,995.18,989.72,1700,0
2018-03-07 00:00:00,989.01,995.97,995.97,988.14,2810,0
2018-03-06 00:00:00,993.75,993.75,999.6,990.2,4380,0
2018-03-05 00:00:00,1000.71,1010.12,1010.12,990.51,4710,0
2018-03-04 00:00:00,996.92,973.91,1027.67,973.91,40790,0
2018-03-01 00:00:00,967.43,976.28,980.24,964.43,15530,0
2018-02-28 00:00:00,977.23,988.14,993.68,974.7,7390,0
2018-02-27 00:00:00,990.04,988.22,994.47,988.22,2100,0
2018-02-26 00:00:00,996.05,996.05,1000.00,988.93,5040,0
2018-02-25 00:00:00,992.33,988.93,1000.00,984.27,10590,0
2018-02-22 00:00:00,990.28,995.89,1003.16,988.14,5240,0
2018-02-20 00:00:00,995.89,1007.90,1008.06,992.89,3280,0
2018-02-19 00:00:00,1004.03,1007.90,1007.90,993.68,9050,0
2018-02-18 00:00:00,1003.64,1001.58,1006.32,992.25,5940,0
2018-02-15 00:00:00,1003.64,985.85,1005.53,985.85,7260,0
2018-02-14 00:00:00,992.49,995.26,995.26,991.3,6770,0
2018-02-13 00:00:00,992.89,1002.21,1002.37,989.88,15350,0
2018-02-12 00:00:00,988.46,988.14,1003.16,983.08,3210,0
2018-02-11 00:00:00,988.7,986.24,991.7,985.77,19220,0
2018-02-08 00:00:00,985.77,1005.53,1008.30,983.4,16180,0
2018-02-07 00:00:00,1006.32,972.41,1035.57,964.9,100750,0
2018-02-06 00:00:00,983.08,980.16,1002.37,973.12,17150,0
2018-02-05 00:00:00,975.81,976.28,984.27,974.39,12640,0
2018-02-04 00:00:00,972.49,980.63,981.98,966.8,18490,0
2018-02-01 00:00:00,988.93,1003.95,1003.95,988.14,7050,0
2018-01-31 00:00:00,1002.77,984.19,1043.95,980.24,62150,0
2018-01-30 00:00:00,982.61,973.52,986.24,973.52,8580,0
2018-01-29 00:00:00,979.6,976.28,982.92,969.33,11220,0
2018-01-28 00:00:00,980.47,988.14,989.72,977.87,11930,0
2018-01-25 00:00:00,992.25,1004.03,1005.93,984.58,14560,0
2018-01-24 00:00:00,1008.85,988.14,1015.65,983.4,41120,0
2018-01-23 00:00:00,979.45,965.22,982.06,964.43,19080,0
2018-01-22 00:00:00,967.04,960.32,973.83,952.57,13850,0
2018-01-21 00:00:00,948.54,951.7,952.57,944.66,21820,0
2018-01-18 00:00:00,951.23,936.76,958.89,936.76,19120,0
2018-01-17 00:00:00,934.55,889.33,974.31,889.33,34040,0
2018-01-16 00:00:00,917,915.26,932.81,906.88,11000,0
2018-01-15 00:00:00,910.43,909.09,913.04,902.85,15570,0
2018-01-14 00:00:00,906.8,910.28,911.07,905.14,13480,0
2018-01-11 00:00:00,910.28,901.98,911.23,901.98,17520,0
2018-01-10 00:00:00,905.22,913.04,913.04,905.14,11940,0
2018-01-09 00:00:00,911.23,905.22,913.83,905.22,29840,0
2018-01-08 00:00:00,908.7,913.04,913.04,906.01,96910,0
2018-01-07 00:00:00,906.09,901.19,917,901.19,8450,0
2018-01-04 00:00:00,898.18,896.44,901.19,893.28,4110,0
2018-01-03 00:00:00,896.68,888.54,897.23,886.56,4890,0
2018-01-02 00:00:00,888.7,886.72,889.33,886.72,8620,0
2018-01-01 00:00:00,886.01,888.54,888.54,883.79,5550,0
2017-12-28 00:00:00,886.24,883.79,890.12,883.79,13690,0
2017-12-27 00:00:00,887.11,886.88,889.33,884.03,26150,0
2017-12-26 00:00:00,886.88,885.38,888.3,883,5100,0
2017-12-24 00:00:00,884.74,886.17,886.96,881.5,5530,0
2017-12-21 00:00:00,886.01,883.4,888.46,882.29,11350,0
2017-12-20 00:00:00,885.77,887.75,888.54,881.42,6000,0
2017-12-19 00:00:00,883.08,886.17,886.96,881.42,10470,0
2017-12-18 00:00:00,886.72,879.05,888.54,879.05,7890,0
2017-12-17 00:00:00,883.95,881.42,889.41,875.1,6280,0
2017-12-14 00:00:00,883.87,880.24,884.43,874.39,5670,0
2017-12-13 00:00:00,884.03,884.58,889.33,883,3500,0
2017-12-12 00:00:00,884.51,889.33,889.33,882.21,2080,0
2017-12-11 00:00:00,887.83,881.42,901.19,881.42,9530,0
2017-12-10 00:00:00,881.26,879.84,882.13,879.21,1690,0
2017-12-07 00:00:00,880.24,874.31,881.42,872.73,2090,0
2017-12-06 00:00:00,873.28,875.1,877.47,869.88,1510,0
2017-12-05 00:00:00,878.66,869.57,881.42,860.08,4080,0
2017-12-04 00:00:00,864.35,871.94,872.73,860.24,17540,0
2017-12-03 00:00:00,871.07,872.17,874.31,869.57,7580,0
2017-11-29 00:00:00,872.17,873.52,876.68,869.57,5900,0
2017-11-28 00:00:00,874.62,877.55,881.42,873.28,9870,0
2017-11-27 00:00:00,880.08,877.47,881.42,873.52,12980,0
2017-11-26 00:00:00,877,879.13,883.79,873.52,11030,0
2017-11-23 00:00:00,880.87,886.32,886.32,880.63,7900,0
2017-11-22 00:00:00,884.9,891.86,913.04,881.42,6640,0
2017-11-21 00:00:00,894.15,880.71,901.34,880.71,13670,0
2017-11-20 00:00:00,884.74,887.04,889.33,881.42,11610,0
2017-11-19 00:00:00,889.72,909.8,911.86,885.38,16800,0
2017-11-16 00:00:00,909.8,881.34,917,881.34,50820,0
2017-11-15 00:00:00,871.46,862.29,875.89,859.45,55010,0
2017-11-14 00:00:00,854.47,864.43,868.77,849.8,16160,0
2017-11-13 00:00:00,864.43,833.99,884.58,833.99,48090,0
2017-11-12 00:00:00,834.03,834.03,838.49,831.76,44090,0
2017-11-09 00:00:00,834.03,835.13,838.49,831.76,44090,0
2017-11-08 00:00:00,834.09,829.7,834.51,829.7,18330,0
2017-11-07 00:00:00,829.83,830.38,831.07,827.63,19620,0
2017-11-06 00:00:00,829.63,827.63,831.62,827.63,11210,0
2017-11-05 00:00:00,826.53,831.69,832.1,825.02,17260,0
2017-11-02 00:00:00,825.71,831.76,831.76,822.82,7650,0
2017-11-01 00:00:00,823.65,819.11,824.81,819.11,12640,0
2017-10-31 00:00:00,819.11,826.95,827.63,818.08,13590,0
2017-10-30 00:00:00,820.97,821.79,826.95,819.93,16430,0
2017-10-29 00:00:00,820.28,822.13,824.2,819.38,21480,0
2017-10-26 00:00:00,822.55,823.51,832.45,820.07,27480,0
2017-10-25 00:00:00,822.2,831.76,835.19,819.93,26660,0
2017-10-24 00:00:00,830.73,852.38,852.38,828.53,21940,0
2017-10-23 00:00:00,829.21,824.88,890.19,824.88,56760,0
2017-10-22 00:00:00,807.22,801.51,811.14,801.51,3780,0
2017-10-19 00:00:00,805.43,814.57,818.01,802.89,7310,0
2017-10-18 00:00:00,809.21,804.26,814.23,797.46,9140,0
2017-10-17 00:00:00,801.99,823.92,824.88,790.51,16480,0
2017-10-16 00:00:00,823.92,828.32,845.51,818.49,23510,0
2017-10-15 00:00:00,815.81,800.82,838.63,800.34,19900,0
2017-10-12 00:00:00,797.53,797.39,803.57,795.33,4050,0
2017-10-11 00:00:00,798.14,802.2,802.2,797.39,3480,0
2017-10-10 00:00:00,798.21,800.82,800.82,797.39,4760,0
2017-10-09 00:00:00,799.11,798.76,802.2,797.46,4090,0
2017-10-08 00:00:00,801.37,800.14,803.57,799.45,4560,0
2017-10-05 00:00:00,798.49,799.79,800.82,797.39,9120,0
2017-10-04 00:00:00,798.83,800.82,800.82,798.76,1450,0
2017-10-03 00:00:00,798.62,800,800,797.18,6260,0
2017-10-02 00:00:00,800.76,803.57,803.57,800.14,4450,0
2017-09-28 00:00:00,801.51,802.2,803.23,799.79,1760,0
2017-09-27 00:00:00,800.89,798.14,802.2,798.14,3760,0
2017-09-26 00:00:00,800.48,804.26,804.26,799.66,4030,0
2017-09-25 00:00:00,801.17,800.82,802.2,798.83,4030,0
2017-09-24 00:00:00,797.18,800.82,803.51,794.84,2830,0
2017-09-21 00:00:00,795.74,798.69,804.26,794.71,3670,0
2017-09-20 00:00:00,794.78,802.34,802.34,791.2,3070,0
2017-09-19 00:00:00,804.26,811.14,811.14,800.82,6620,0
2017-09-18 00:00:00,812.17,811.2,814.5,811.14,10030,0
2017-09-17 00:00:00,814.64,824.13,824.88,811.14,7540,0
2017-09-14 00:00:00,822.55,818.01,830.38,818.01,12530,0
2017-09-13 00:00:00,818.56,803.78,821.45,797.66,16530,0
2017-09-12 00:00:00,803.92,787.08,806.87,786.8,18900,0
2017-09-11 00:00:00,785.63,783.85,786.94,782.26,1740,0
2017-09-10 00:00:00,783.85,780.89,785.01,780.89,5340,0
2017-09-07 00:00:00,783.43,783.78,787.01,778.83,1070,0
2017-09-06 00:00:00,784.53,789.14,789.14,783.64,380,0
2017-09-05 00:00:00,786.39,780.2,787.08,780.2,1520,0
2017-09-04 00:00:00,783.85,783.64,785.01,781.58,5670,0
2017-08-31 00:00:00,781.58,783.64,783.64,780.48,590,0
2017-08-30 00:00:00,783.98,781.03,784.33,781.03,3110,0
2017-08-29 00:00:00,780.96,783.64,785.7,780.2,1560,0
2017-08-28 00:00:00,784.46,781.99,785.7,781.99,2250,0
2017-08-27 00:00:00,781.78,779.86,782.95,778.83,4520,0
2017-08-24 00:00:00,779.58,774.7,780.2,774.7,2480,0
2017-08-23 00:00:00,779.58,776.83,780.48,776.77,2610,0
2017-08-22 00:00:00,778.9,777.8,780.06,777.45,1680,0
2017-08-21 00:00:00,777.8,777.59,778.76,777.45,1680,0
2017-08-20 00:00:00,779.03,778.21,780.89,778.14,1920,0
2017-08-17 00:00:00,779.52,782.95,782.95,777.52,5780,0
2017-08-16 00:00:00,782.75,782.61,783.64,782.61,3910,0
2017-08-13 00:00:00,783.43,783.64,784.12,778.69,8870,0
2017-08-10 00:00:00,783.64,783.64,783.64,782.61,7580,0
2017-08-09 00:00:00,784.53,783.64,786.39,782.61,1450,0
2017-08-08 00:00:00,783.64,783.71,785.7,782.61,1710,0
2017-08-07 00:00:00,784.88,789.89,789.89,782.4,5630,0
2017-08-06 00:00:00,789.89,787.08,791.2,786.39,7320,0
2017-08-03 00:00:00,787.08,780.27,787.56,776.77,10280,0
2017-08-02 00:00:00,783.71,781.58,786.25,781.23,4030,0
2017-08-01 00:00:00,780.61,781.58,786.39,776.97,10580,0
2017-07-31 00:00:00,780.68,782.2,782.2,780.2,660,0
2017-07-30 00:00:00,783.16,778.14,787.76,778.14,1520,0
2017-07-27 00:00:00,787.35,775.46,792.51,775.46,7210,0
2017-07-26 00:00:00,775.05,780.2,780.2,774.7,5540,0
2017-07-25 00:00:00,779.17,780.27,780.27,778.83,580,0
2017-07-24 00:00:00,780.2,780.13,787.08,774.15,2650,0
2017-07-23 00:00:00,780.13,774.57,780.2,772.16,46550,0
2017-07-20 00:00:00,774.57,788.31,788.31,771.27,5830,0
2017-07-19 00:00:00,788.38,788.38,789.14,787.28,5620,0
2017-07-18 00:00:00,788.38,789.48,789.48,788.11,9280,0
2017-07-17 00:00:00,788.45,785.84,789.14,785.84,12830,0
2017-07-16 00:00:00,787.42,787.83,788.93,787.08,13360,0
2017-07-13 00:00:00,786.94,789,789,786.46,12480,0
2017-07-12 00:00:00,788.25,789.83,789.83,786.8,29390,0
2017-07-11 00:00:00,787.21,787.49,790.51,787.08,14730,0
2017-07-10 00:00:00,788.25,787.08,789.14,787.08,7200,0
2017-07-09 00:00:00,788.52,787.76,789.83,787.08,6440,0
2017-07-06 00:00:00,789.62,786.39,791.89,785.7,5860,0
2017-07-05 00:00:00,787.35,779.03,788.45,779.03,14970,0
2017-07-04 00:00:00,786.32,776.77,789.83,776.77,11000,0
2017-07-03 00:00:00,788.93,797.46,797.46,776.77,2010,0
2017-07-02 00:00:00,795.39,780.2,797.73,776.77,47480,0
2017-06-29 00:00:00,776.77,780.2,780.2,774.7,2780,0
2017-06-28 00:00:00,776.7,776.77,780.2,774.08,5560,0
2017-06-22 00:00:00,777.52,772.02,782.26,768.86,3830,0
2017-06-21 00:00:00,772.02,770.03,773.33,768.24,41700,0
2017-06-20 00:00:00,770.3,769.89,771.27,768.17,8780,0
2017-06-19 00:00:00,766.18,762.33,769.2,760.96,16660,0
2017-06-18 00:00:00,761.78,760.27,762.19,758.89,8910,0
2017-06-15 00:00:00,760.27,760.96,760.96,758.89,8330,0
2017-06-14 00:00:00,760.61,760.82,760.96,758.89,2870,0
2017-06-13 00:00:00,759.17,757.52,760.96,755.46,2490,0
2017-06-12 00:00:00,756.83,754.08,761.51,754.08,2880,0
2017-06-11 00:00:00,761.44,761.02,761.51,759.58,10200,0
2017-06-08 00:00:00,760.75,754.22,760.89,753.46,3160,0
2017-06-07 00:00:00,759.92,756.21,760.27,756.14,12440,0
2017-06-06 00:00:00,758.41,756.21,759.51,756.01,6190,0
2017-06-05 00:00:00,754.7,750.09,757.52,750.09,7340,0
2017-06-04 00:00:00,755.52,756.14,756.14,753.33,9650,0
2017-06-01 00:00:00,755.25,753.53,758.21,752.71,28880,0
2017-05-31 00:00:00,755.87,755.46,758.69,752.71,25380,0
2017-05-30 00:00:00,755.46,756.14,758.07,755.18,8770,0
2017-05-29 00:00:00,756.14,756.35,756.56,755.94,4050,0
2017-05-28 00:00:00,757.52,759.37,759.86,756.21,12610,0
2017-05-25 00:00:00,757.59,754.84,758.82,754.84,9800,0
2017-05-24 00:00:00,756.01,755.46,756.14,754.77,1920,0
2017-05-23 00:00:00,755.94,756.14,757.52,753.87,7360,0
2017-05-22 00:00:00,755.59,752.71,757.38,750.64,1490,0
2017-05-21 00:00:00,754.15,756.83,756.83,752.71,2470,0
2017-05-18 00:00:00,754.01,753.39,756.83,752.71,4880,0
2017-05-17 00:00:00,755.25,755.52,756.14,754.77,2550,0
2017-05-16 00:00:00,756.62,756.49,757.52,756.14,2900,0
2017-05-15 00:00:00,754.77,757.52,757.52,753.74,4540,0
2017-05-14 00:00:00,756.9,756.83,758.89,756.14,4180,0
2017-05-11 00:00:00,756.83,758.21,758.21,754.91,7100,0
2017-05-09 00:00:00,756.35,756.49,757.45,756.07,2390,0
2017-05-08 00:00:00,756.49,759.58,759.58,756.14,2840,0
2017-05-07 00:00:00,756.35,756.56,758.21,756.14,1940,0
2017-05-04 00:00:00,756.56,757.52,758.27,752.71,3170,0
2017-05-03 00:00:00,756.76,759.58,759.58,756.14,2940,0
2017-05-02 00:00:00,759.24,746.52,759.58,746.52,4630,0
2017-04-30 00:00:00,758.41,756.49,759.79,756.49,6560,0
2017-04-27 00:00:00,757.86,759.31,759.31,752.71,6600,0
2017-04-26 00:00:00,759.58,759.58,759.65,758.96,21670,0
2017-04-25 00:00:00,759.44,756.14,760.06,754.77,15730,0
2017-04-24 00:00:00,758.34,752.71,759.72,752.71,7720,0
2017-04-23 00:00:00,757.11,756.49,759.58,756.14,9920,0
2017-04-20 00:00:00,757.72,754.84,758.21,754.77,8950,0
2017-04-19 00:00:00,755.04,756.83,756.83,752.71,4110,0
2017-04-18 00:00:00,758.14,758.21,759.65,752.71,32510,0
2017-04-17 00:00:00,759.37,749.27,759.51,745.83,20750,0
2017-04-16 00:00:00,758.34,754.42,758.89,752.71,1690,0
2017-04-13 00:00:00,752.64,752.09,755.46,752.09,9480,0
2017-04-12 00:00:00,749.54,754.77,754.77,745.97,3370,0
2017-04-11 00:00:00,755.87,759.58,759.58,755.52,11940,0
2017-04-10 00:00:00,755.32,756.14,760.27,752.71,6180,0
2017-04-09 00:00:00,762.26,761.92,763.02,757.52,6950,0
2017-04-06 00:00:00,760.06,761.37,763.7,757.52,17570,0
2017-04-05 00:00:00,758.41,760.96,760.96,757.66,15490,0
2017-04-04 00:00:00,759.17,756.14,759.58,753.39,21140,0
2017-04-03 00:00:00,748.86,745.9,754.77,745.83,5540,0
2017-04-02 00:00:00,748.17,746.52,754.77,746.18,17890,0
2017-03-30 00:00:00,749.89,747.89,750.64,746.66,11690,0
2017-03-29 00:00:00,747.48,749.27,749.27,746.52,4770,0
2017-03-28 00:00:00,746.66,752.71,752.71,745.83,15000,0
2017-03-27 00:00:00,750.3,749.27,751.26,745.97,5390,0
2017-03-23 00:00:00,746.59,749.27,749.27,745.83,6060,0
2017-03-22 00:00:00,749.06,747.89,749.27,746.66,7380,0
2017-03-21 00:00:00,749.82,749.27,756.14,748.24,23670,0
2017-03-20 00:00:00,747.28,751.4,752.02,746.86,17810,0
2017-03-19 00:00:00,752.57,750.03,754.49,749.96,2480,0
2017-03-16 00:00:00,748.72,756.14,756.14,745.97,15210,0
2017-03-15 00:00:00,754.49,756.14,756.14,753.39,5060,0
2017-03-14 00:00:00,753.6,756.49,758.89,752.71,4510,0
2017-03-13 00:00:00,756.21,756.14,761.23,756.14,4990,0
2017-03-12 00:00:00,755.8,756.14,759.37,754.91,7550,0
2017-03-09 00:00:00,755.73,759.58,759.58,755.46,8600,0
2017-03-08 00:00:00,757.86,756.14,759.58,755.46,11100,0
2017-03-07 00:00:00,755.8,756.14,758.21,755.46,7360,0
2017-03-06 00:00:00,755.25,759.58,759.58,754.08,11140,0
2017-03-05 00:00:00,759.44,758.89,760.96,758.89,8250,0
2017-03-02 00:00:00,761.37,759.92,762.95,759.92,21200,0
2017-03-01 00:00:00,762.12,763.36,763.64,758.89,20830,0
2017-02-28 00:00:00,757.93,759.58,760.96,757.52,8380,0
2017-02-27 00:00:00,757.59,759.65,760.61,757.52,12960,0
2017-02-26 00:00:00,761.78,760.96,763.29,760.96,6040,0
2017-02-23 00:00:00,760.47,761.57,764.12,759.58,9380,0
2017-02-22 00:00:00,759.58,759.65,761.57,756.14,11010,0
2017-02-20 00:00:00,760.41,763.36,763.36,759.58,9440,0
2017-02-19 00:00:00,764.05,763.09,765.77,763.02,28480,0
2017-02-16 00:00:00,764.25,765.77,766.11,763.02,8860,0
2017-02-15 00:00:00,766.18,762.33,766.39,762.33,17820,0
2017-02-14 00:00:00,762.6,762.06,765.49,761.64,8740,0
2017-02-13 00:00:00,761.23,763.43,765.01,759.92,9670,0
2017-02-12 00:00:00,763.09,765.77,767.07,761.09,6620,0
2017-02-09 00:00:00,765.35,763.84,766.73,761.71,25080,0
2017-02-08 00:00:00,763.77,761.71,764.39,759.72,16430,0
2017-02-07 00:00:00,759.65,759.24,763.02,758.89,23430,0
2017-02-06 00:00:00,759.51,760.27,761.57,756.14,23310,0
2017-02-05 00:00:00,759.92,758.21,766.45,756.83,56380,0
2017-02-02 00:00:00,756.76,760.27,763.02,756.49,59330,0
2017-02-01 00:00:00,759.37,763.02,767.62,758.21,46810,0
2017-01-31 00:00:00,758.34,761.3,769.07,755.52,37600,0
2017-01-30 00:00:00,759.44,761.64,763.7,757.66,22890,0
2017-01-29 00:00:00,762.06,763.7,769.14,757.04,45610,0
2017-01-26 00:00:00,767,767.83,774.02,763.02,27440,0
2017-01-25 00:00:00,767.14,765.08,771.95,765.08,43000,0
2017-01-24 00:00:00,765.01,767.14,775.39,763.02,33390,0
2017-01-23 00:00:00,767.07,762.33,772.57,761.23,29330,0
2017-01-22 00:00:00,761.23,759.58,764.39,759.58,102300,0
2017-01-19 00:00:00,758.89,754.49,760.27,754.15,19700,0
2017-01-18 00:00:00,755.25,756.83,759.37,754.77,27180,0
2017-01-17 00:00:00,756.97,756.21,759.51,756.14,15800,0
2017-01-16 00:00:00,756.49,760.68,760.68,756.01,12660,0
2017-01-15 00:00:00,759.72,756.56,760.2,755.66,35620,0
2017-01-12 00:00:00,756.42,757.11,759.58,754.15,16010,0
2017-01-11 00:00:00,755.66,756.14,757.11,754.77,15580,0
2017-01-10 00:00:00,755.66,757.59,759.58,754.08,10380,0
2017-01-09 00:00:00,757.45,761.57,762.81,753.39,13380,0
2017-01-08 00:00:00,757.66,750.64,762.19,750.58,30740,0
2017-01-05 00:00:00,750.58,745.9,751.33,744.46,17550,0
2017-01-04 00:00:00,743.77,749.27,749.27,743.22,19450,0
2017-01-03 00:00:00,743.91,745.83,747.89,742.6,12500,0
2017-01-02 00:00:00,746.18,743.77,749.61,743.29,13140,0
2017-01-01 00:00:00,743.84,749.27,749.27,743.77,23630,0
2016-12-29 00:00:00,746.31,747.21,749.27,744.18,19790,0
2016-12-28 00:00:00,745.83,745.83,747.89,743.08,12860,0
2016-12-27 00:00:00,748.03,747.89,749.27,745.83,14210,0
2016-12-26 00:00:00,747.34,743.15,754.84,743.15,12340,0
2016-12-21 00:00:00,743.22,745.83,749.27,742.6,10740,0
2016-12-20 00:00:00,746.52,750.99,750.99,743.08,14920,0
2016-12-19 00:00:00,742.95,743.08,745.14,742.4,13000,0
2016-12-18 00:00:00,744.8,744.46,747.89,744.46,13680,0
2016-12-15 00:00:00,744.53,747.96,751.33,743.77,15830,0
2016-12-14 00:00:00,747.48,747.89,751.33,746.59,8280,0
2016-12-12 00:00:00,747.41,750.85,753.39,745.97,13220,0
2016-12-11 00:00:00,753.6,750.37,757.45,749.96,21240,0
2016-12-08 00:00:00,756.83,749.34,758.89,749.34,7410,0
2016-12-07 00:00:00,751.19,751.33,752.02,749.48,4470,0
2016-12-06 00:00:00,750.3,749.96,754.22,749.27,27890,0
2016-12-05 00:00:00,754.63,752.71,757.52,752.71,5510,0
2016-12-04 00:00:00,759.03,750.09,759.58,748.72,9110,0
2016-12-01 00:00:00,750.09,746.86,752.71,746.73,15170,0
2016-11-30 00:00:00,746.45,752.64,752.71,745.49,13590,0
2016-11-29 00:00:00,745.9,747.07,749.2,744.05,45120,0
2016-11-28 00:00:00,748.44,749.27,751.68,746.52,19080,0
2016-11-27 00:00:00,746.66,748.58,751.88,744.66,31400,0
2016-11-24 00:00:00,748.99,754.77,754.77,748.51,6970,0
2016-11-23 00:00:00,749.54,751.33,752.64,748.93,5300,0
2016-11-22 00:00:00,747.62,750.85,751.33,747.14,14430,0
2016-11-21 00:00:00,752.02,755.11,755.39,750.03,4280,0
2016-11-20 00:00:00,750.23,756.14,756.14,749.48,3180,0
2016-11-17 00:00:00,750.85,749.96,756.14,749.27,15470,0
2016-11-16 00:00:00,752.09,751.4,754.77,749.27,4130,0
2016-11-15 00:00:00,750.44,753.6,759.31,749.27,19230,0
2016-11-14 00:00:00,755.52,751.54,756.69,749.27,14020,0
2016-11-13 00:00:00,751.68,753.46,756.01,750.03,4080,0
2016-11-10 00:00:00,754.01,750.3,757.79,749.27,13860,0
2016-11-09 00:00:00,754.42,758.89,758.89,751.4,7480,0
2016-11-08 00:00:00,753.53,750.64,761.64,749.48,9850,0
2016-11-07 00:00:00,759.44,754.91,763.02,754.77,2590,0
2016-11-06 00:00:00,749.48,758.89,758.96,749.27,15140,0
2016-11-03 00:00:00,757.66,759.58,763.02,756.14,8510,0
2016-11-02 00:00:00,751.88,749.34,763.02,742.4,16420,0
2016-11-01 00:00:00,747.96,748.65,756.14,746.24,15070,0
2016-10-31 00:00:00,749.61,755.46,756.07,747.89,14150,0
2016-10-30 00:00:00,755.8,761.99,762.33,752.71,10150,0
2016-10-27 00:00:00,762.74,769.75,769.89,761.02,5590,0
2016-10-26 00:00:00,762.81,763.02,764.39,761.64,6320,0
2016-10-25 00:00:00,764.25,765.29,766.45,763.02,4850,0
2016-10-24 00:00:00,765.84,763.09,771.27,763.09,3370,0
2016-10-23 00:00:00,765.77,766.45,773.33,763.77,6700,0
2016-10-20 00:00:00,763.57,771.95,772.64,762.33,38880,0
2016-10-19 00:00:00,766.25,765.77,769.2,765.15,5790,0
2016-10-18 00:00:00,767.21,769.89,773.33,765.08,17510,0
2016-10-17 00:00:00,769.34,766.52,773.33,766.52,13720,0
2016-10-16 00:00:00,766.04,768.52,772.64,763.02,10360,0
2016-10-13 00:00:00,772.64,769.89,773.33,765.29,27930,0
2016-10-10 00:00:00,770.65,770.37,776.77,764.39,17170,0
2016-10-09 00:00:00,770.51,763.09,771.95,761.57,9390,0
2016-10-06 00:00:00,769.96,767.62,770.58,760.27,24440,0
2016-10-05 00:00:00,762.12,763.36,769.89,759.72,10390,0
2016-10-04 00:00:00,761.37,762.4,766.94,759.58,8820,0
2016-10-03 00:00:00,762.4,759.24,764.39,758.89,8120,0
2016-10-02 00:00:00,759.03,761.64,763.64,757.72,14550,0
2016-09-29 00:00:00,763.64,762.74,765.77,760.27,15210,0
2016-09-28 00:00:00,762.74,763.02,766.39,760.27,9410,0
2016-09-27 00:00:00,765.97,769.14,769.14,761.99,14540,0
2016-09-26 00:00:00,764.8,756.14,769.82,756.14,25520,0
2016-09-25 00:00:00,767.97,765.77,769.55,764.05,5320,0
2016-09-24 00:00:00,765.9,761.02,767.76,761.02,8340,0
2016-09-22 00:00:00,759.44,755.73,768.38,755.73,9470,0
2016-09-21 00:00:00,755.73,756.14,761.64,749.41,78000,0
2016-09-20 00:00:00,753.12,756.14,756.14,749.27,24890,0
2016-09-19 00:00:00,754.29,757.52,757.52,754.08,17900,0
2016-09-18 00:00:00,756.14,760.27,764.39,755.8,21600,0
2016-09-08 00:00:00,756.69,756.9,765.97,755.46,10550,0
2016-09-07 00:00:00,756.49,771.27,771.27,755.8,78580,0
2016-09-06 00:00:00,768.31,765.77,769.14,763.57,2530,0
2016-09-05 00:00:00,768.1,769.82,772.64,758.21,2540,0
2016-09-04 00:00:00,756.21,759.58,761.57,755.46,19770,0
2016-09-01 00:00:00,756.07,759.58,759.58,755.52,37360,0
2016-08-31 00:00:00,758.69,765.77,767.28,757.24,25300,0
2016-08-30 00:00:00,769.14,771.27,773.19,768.38,7910,0
2016-08-29 00:00:00,768.45,781.51,781.51,764.8,2050,0
2016-08-28 00:00:00,765.29,767.14,767.14,764.05,7710,0
2016-08-24 00:00:00,766.45,770.58,771.2,765.77,11140,0
2016-08-23 00:00:00,768.93,772.98,773.19,767.83,11890,0
2016-08-22 00:00:00,773.19,770.58,775.39,768.86,8250,0
2016-08-21 00:00:00,769.27,775.39,777.18,768.86,9620,0
2016-08-18 00:00:00,769.34,772.98,772.98,768.59,9850,0
2016-08-17 00:00:00,769.55,773.4,773.47,767.14,15220,0
2016-08-16 00:00:00,772.78,775.39,775.39,769.89,5670,0
2016-08-14 00:00:00,775.32,773.33,778.07,771.4,7720,0
2016-08-11 00:00:00,775.94,779.52,779.52,770.58,10070,0
2016-08-10 00:00:00,769.89,768.65,776.77,768.65,32830,0
2016-08-09 00:00:00,769,780.2,780.2,767.83,17340,0
2016-08-08 00:00:00,772.57,776.77,779.45,769.89,11300,0
2016-08-07 00:00:00,776.77,781.58,784.95,776.08,16560,0
2016-08-04 00:00:00,783.64,778.9,785.7,778.83,7350,0
2016-08-03 00:00:00,779.79,778.14,782.95,776.77,5110,0
2016-08-02 00:00:00,777.25,776.77,780.2,774.7,7970,0
2016-08-01 00:00:00,772.78,777.52,777.52,769.89,14860,0
2016-07-31 00:00:00,777.38,788.45,788.45,776.77,6180,0
2016-07-28 00:00:00,781.58,776.77,781.85,773.33,8240,0
2016-07-27 00:00:00,782.88,776.42,789.83,774.7,7330,0
2016-07-26 00:00:00,775.67,784.33,784.33,773.33,14670,0
2016-07-25 00:00:00,780.48,785.01,785.01,780.2,12330,0
2016-07-24 00:00:00,783.85,783.64,791.06,782.26,16130,0
2016-07-21 00:00:00,784.74,790.51,790.51,782.95,15460,0
2016-07-20 00:00:00,791.06,794.16,797.39,787.08,16180,0
2016-07-19 00:00:00,800.14,802.06,804.26,793.95,15160,0
2016-07-18 00:00:00,798.76,805.64,807.56,795.33,11300,0
2016-07-17 00:00:00,803.57,802.96,804.26,801.58,7170,0
2016-07-16 00:00:00,804.61,805.64,806.32,803.57,10880,0
2016-07-14 00:00:00,804.54,807.63,810.79,804.26,9840,0
2016-07-13 00:00:00,804.74,804.26,807.7,800.82,12160,0
2016-07-12 00:00:00,804.67,809.55,814.5,803.02,15740,0
2016-07-11 00:00:00,805.84,811.14,811.14,791.89,14900,0
2016-07-10 00:00:00,814.71,814.64,815.33,804.95,68530,0
2016-06-30 00:00:00,813.82,813.06,815.26,798.07,67160,0
2016-06-29 00:00:00,809.62,804.26,811.07,800.14,71020,0
2016-06-28 00:00:00,801.86,800.14,806.19,797.39,46560,0
2016-06-27 00:00:00,794.57,783.57,795.88,773.33,106250,0
2016-06-26 00:00:00,778.42,777.87,790.51,769.89,23360,0
2016-06-23 00:00:00,770.3,773.88,789.48,765.77,13470,0
2016-06-22 00:00:00,768.79,782.06,782.06,767.14,8670,0
2016-06-21 00:00:00,777.93,787.76,790.51,776.15,13330,0
2016-06-20 00:00:00,784.81,777.32,790.51,775.46,29650,0
2016-06-19 00:00:00,773.19,769.07,782.95,764.39,41440,0
2016-06-16 00:00:00,766.11,765.49,766.45,762.06,19390,0
2016-06-15 00:00:00,761.02,767.69,767.69,759.58,25400,0
2016-06-14 00:00:00,764.74,762.67,766.45,762.19,35170,0
2016-06-13 00:00:00,760.96,763.02,765.77,760.61,10520,0
2016-06-12 00:00:00,761.99,760.96,762.95,759.99,16890,0
2016-06-09 00:00:00,762.06,763.09,763.7,761.02,8840,0
2016-06-08 00:00:00,763.15,763.02,764.25,761.09,10070,0
2016-06-07 00:00:00,763.57,763.36,764.39,760.27,18430,0
2016-06-06 00:00:00,763.84,759.72,764.39,759.72,15710,0
2016-06-05 00:00:00,761.64,762.67,762.67,759.58,9010,0
2016-06-02 00:00:00,759.65,766.39,769.2,757.52,12460,0
2016-06-01 00:00:00,760.47,767.97,768.52,749.96,28350,0
2016-05-31 00:00:00,767.97,767.83,770.17,763.09,23400,0
2016-05-30 00:00:00,766.94,769.55,769.55,764.39,29320,0
2016-05-29 00:00:00,766.32,763.29,766.8,763.15,20430,0
2016-05-26 00:00:00,763.15,763.02,766.45,761.64,38610,0
2016-05-25 00:00:00,761.37,756.07,763.02,745.83,57120,0
2016-05-24 00:00:00,744.43,744.19,746.64,740,26290,0
2016-05-22 00:00:00,741.08,747.77,747.77,738.87,19600,0
2016-05-19 00:00:00,743.65,751.9,751.96,739.11,52500,0
2016-05-18 00:00:00,749.21,755.37,755.55,748.37,17370,0
2016-05-17 00:00:00,751.9,747.18,753.03,746.4,38440,0
2016-05-16 00:00:00,746.04,744.19,746.58,744.19,27860,0
2016-05-15 00:00:00,740.42,746.58,748.67,738.93,5820,0
2016-05-12 00:00:00,745.08,745.44,746.58,743.59,9370,0
2016-05-11 00:00:00,746.22,744.79,747.77,744.37,7710,0
2016-05-10 00:00:00,747.6,741.8,748.37,741.8,27230,0
2016-05-09 00:00:00,745.98,744.19,746.76,741.44,11910,0
2016-05-08 00:00:00,746.52,735.22,747.18,734.39,21130,0
2016-05-05 00:00:00,733.25,735.82,735.82,728.05,9880,0
2016-05-04 00:00:00,724.7,747.18,747.18,718.49,16110,0
2016-05-03 00:00:00,741.14,738.27,745.38,737.08,8000,0
2016-05-02 00:00:00,738.27,735.22,742.4,733.49,2820,0
2016-04-28 00:00:00,738.33,744.85,745.2,735.22,6150,0
2016-04-27 00:00:00,741.26,748.85,748.85,739.05,9900,0
2016-04-26 00:00:00,747.54,744.67,752.2,744.55,16990,0
2016-04-25 00:00:00,741.8,740,753.15,740,15470,0
2016-04-24 00:00:00,739.53,741.32,742.4,738.21,10330,0
2016-04-21 00:00:00,740.06,746.52,747.18,738.21,5620,0
2016-04-20 00:00:00,745.92,745.5,747.18,744.49,5440,0
2016-04-19 00:00:00,745.44,745.38,746.52,740.6,8850,0
2016-04-18 00:00:00,741.14,741.2,744.19,740.6,2500,0
2016-04-17 00:00:00,739.59,739.71,744.07,739.41,5680,0
2016-04-13 00:00:00,738.99,738.81,741.2,738.21,13300,0
2016-04-12 00:00:00,737.49,748.73,748.73,736.6,7370,0
2016-04-11 00:00:00,748.19,753.15,755.55,747.18,11610,0
2016-04-10 00:00:00,751,747.18,754.95,746.58,7430,0
2016-04-07 00:00:00,744.19,740.3,756.08,740,4160,0
2016-04-06 00:00:00,739.82,737.67,742.4,737.67,8450,0
2016-04-05 00:00:00,740.78,738.21,741.2,735.22,3520,0
2016-04-04 00:00:00,736.54,742.99,743.47,735.82,5230,0
2016-04-03 00:00:00,736.48,737.02,738.21,734.92,7700,0
2016-03-31 00:00:00,736.06,737.02,738.15,734.74,8930,0
2016-03-30 00:00:00,735.76,738.81,741.2,735.52,15170,0
2016-03-29 00:00:00,736.72,741.02,741.02,735.82,1420,0
2016-03-28 00:00:00,740.36,735.22,742.4,735.22,4900,0
2016-03-27 00:00:00,734.74,734.8,736.42,733.43,11090,0
2016-03-24 00:00:00,738.51,734.09,741.2,731.04,9840,0
2016-03-23 00:00:00,733.49,739.59,740.6,732.23,23320,0
2016-03-22 00:00:00,739.11,740,742.4,732.83,5950,0
2016-03-21 00:00:00,738.93,743.59,744.91,738.21,6250,0
2016-03-20 00:00:00,741.98,743.59,744.13,739.41,7230,0
2016-03-16 00:00:00,739.47,741.26,741.26,738.39,6570,0
2016-03-15 00:00:00,740,738.93,742.28,738.93,6930,0
2016-03-14 00:00:00,738.51,739.41,742.4,738.21,22930,0
2016-03-13 00:00:00,739.65,741.2,747.18,738.21,4040,0
2016-03-10 00:00:00,735.52,736.42,739.41,734.62,13190,0
2016-03-09 00:00:00,734.86,741.2,741.2,734.03,6350,0
2016-03-08 00:00:00,739.05,744.31,745.5,738.81,11860,0
2016-03-07 00:00:00,747.48,747.48,747.77,746.04,12050,0
2016-03-06 00:00:00,748.01,746.04,750.76,746.04,3350,0
2016-03-03 00:00:00,750.35,745.38,753.75,745.38,3750,0
2016-03-02 00:00:00,744.85,750.23,750.76,744.19,13020,0
2016-03-01 00:00:00,749.63,751.42,756.02,747.48,18110,0
2016-02-29 00:00:00,750.76,753.15,753.15,747.18,12000,0
2016-02-28 00:00:00,746.52,753.15,753.15,744.31,12450,0
2016-02-25 00:00:00,749.51,750.76,754.35,747.18,9980,0
2016-02-24 00:00:00,751.06,750.82,756.08,746.58,7620,0
2016-02-23 00:00:00,752.56,750.17,758.83,750.17,8180,0
2016-02-22 00:00:00,750.35,750.29,753.15,750.17,11990,0
2016-02-18 00:00:00,751.36,758.53,758.53,750.76,11770,0
2016-02-17 00:00:00,752.5,755.13,760.93,751.18,8650,0
2016-02-16 00:00:00,757.7,765.11,768.04,753.75,21870,0
2016-02-15 00:00:00,765.23,757.52,766.9,757.34,26050,0
2016-02-14 00:00:00,756.2,757.94,760.69,754.71,13390,0
2016-02-11 00:00:00,757.04,752.86,759.19,747.18,13770,0
2016-02-10 00:00:00,753.93,765.11,766.9,747.24,25780,0
2016-02-09 00:00:00,765.41,764.51,768.1,758.95,31910,0
2016-02-08 00:00:00,755.19,747.77,757.88,744.79,28930,0
2016-02-07 00:00:00,745.74,743.29,749.57,741.2,19360,0
2016-02-04 00:00:00,746.52,747,748.37,741.32,6640,0
2016-02-03 00:00:00,745.32,747.18,747.18,739.41,7820,0
2016-02-02 00:00:00,739.94,735.22,742.4,735.22,8410,0
2016-02-01 00:00:00,732.47,731.1,741.2,730.62,4910,0
2016-01-31 00:00:00,732.95,735.22,736.3,732.35,9510,0
2016-01-28 00:00:00,732.95,735.28,738.81,732.29,4940,0
2016-01-27 00:00:00,737.43,738.03,738.21,736.42,3830,0
2016-01-26 00:00:00,735.22,744.19,744.19,732.23,10210,0
2016-01-25 00:00:00,732.41,738.87,738.87,732.23,11170,0
2016-01-24 00:00:00,735.82,732.83,738.81,732.83,11970,0
2016-01-21 00:00:00,735.22,736.42,737.02,734.8,12480,0
2016-01-20 00:00:00,734.33,739.41,739.41,732.83,20430,0
2016-01-19 00:00:00,736.78,735.64,738.69,735.22,21460,0
2016-01-18 00:00:00,736.12,738.27,741.14,735.22,20320,0
2016-01-17 00:00:00,738.27,741.2,742.4,735.82,40310,0
2016-01-14 00:00:00,739.17,750.17,750.17,736,20240,0
2016-01-13 00:00:00,744.79,742.45,747.18,742.4,9610,0
2016-01-12 00:00:00,744.73,746.46,750.05,742.75,4720,0
2016-01-11 00:00:00,744.61,747.18,747.77,742.4,11680,0
2016-01-10 00:00:00,741.86,747.18,749.57,741.2,14520,0
2016-01-07 00:00:00,744.25,743.59,746.46,737.49,4090,0
2016-01-06 00:00:00,743.11,739.41,744.19,739.41,4460,0
2016-01-05 00:00:00,738.15,741.8,741.8,726.26,11590,0
2016-01-04 00:00:00,737.08,743.59,745.86,732.29,30970,0
2016-01-03 00:00:00,744.25,741.62,745.38,741.2,27100,0
2015-12-31 00:00:00,741.38,740,742.99,739.41,4010,0
2015-12-30 00:00:00,739.77,742.99,744.79,738.87,10280,0
2015-12-29 00:00:00,742.87,743.05,744.19,738.81,12080,0
2015-12-28 00:00:00,742.99,741.2,745.98,738.33,32710,0
2015-12-27 00:00:00,739.17,738.81,740.6,738.51,28390,0
2015-12-24 00:00:00,740.6,743.29,743.29,739.41,11100,0
2015-12-23 00:00:00,741.14,742.1,743.59,738.21,8900,0
2015-12-21 00:00:00,738.27,732.53,740.6,732.47,6550,0
2015-12-20 00:00:00,735.04,732.29,739.11,732.23,3050,0
2015-12-17 00:00:00,731.87,738.03,738.03,729.24,10440,0
2015-12-15 00:00:00,736.18,741.2,741.2,735.16,9740,0
2015-12-14 00:00:00,741.08,736.66,744.01,736.42,64840,0
2015-12-13 00:00:00,738.57,148.18,745.92,731.04,12890,0
2015-12-10 00:00:00,741.68,0.6,744.79,737.13,23900,0
2015-12-09 00:00:00,740.78,734.62,742.69,734.62,4220,0
2015-12-08 00:00:00,741.62,0.6,743.59,737.02,19560,0
2015-12-07 00:00:00,737.08,743.59,745.86,732.29,30970,0
2015-12-06 00:00:00,740.9,740.9,742.4,735.82,14620,0
2015-12-03 00:00:00,742.28,0.6,747.18,740.06,14600,0
2015-12-02 00:00:00,747.06,751.36,751.36,744.19,18640,0
2015-12-01 00:00:00,746.34,746.34,752.38,737.61,46660,0
2015-11-30 00:00:00,741.62,741.2,743.59,725.06,31390,0
2015-11-29 00:00:00,731.22,0.6,732.23,731.04,19940,0
2015-11-26 00:00:00,730.2,0.6,734.62,729.24,16340,0
2015-11-25 00:00:00,729.42,0.6,732.23,724.28,11190,0
2015-11-24 00:00:00,728.53,738.21,738.21,727.57,9220,0
2015-11-23 00:00:00,738.63,726.26,744.19,732.23,7690,0
2015-11-22 00:00:00,730.92,726.26,732.23,723.27,12970,0
2015-11-19 00:00:00,725.18,720.94,726.79,720.88,23480,0
2015-11-18 00:00:00,723.39,733.37,733.37,723.27,8320,0
2015-11-17 00:00:00,727.69,724.46,732.23,724.16,8020,0
2015-11-16 00:00:00,727.81,721.47,729.24,721.47,7560,0
2015-11-15 00:00:00,727.69,724.46,731.64,722.13,7020,0
2015-11-12 00:00:00,723.63,723.27,726.26,721.47,10680,0
2015-11-11 00:00:00,723.51,719.08,725.48,719.08,8560,0
2015-11-10 00:00:00,718.9,720.28,720.28,717.35,12490,0
2015-11-09 00:00:00,718.37,718.49,720.1,717.41,18510,0
2015-11-08 00:00:00,717.65,720.4,722.67,717.29,17010,0
2015-11-05 00:00:00,718.55,731.58,731.58,717.29,11590,0
2015-11-04 00:00:00,724.28,730.38,730.38,719.98,19860,0
2015-11-03 00:00:00,721.83,725.48,725.48,718.49,10170,0
2015-11-02 00:00:00,718.43,722.43,725.66,716.81,12620,0
2015-11-01 00:00:00,721.12,721.29,728.59,720.28,10050,0
2015-10-29 00:00:00,722.01,723.92,724.04,719.92,12540,0
2015-10-28 00:00:00,727.15,726.26,729.24,723.33,9900,0
2015-10-27 00:00:00,725.06,725.24,730.92,725.06,16980,0
2015-10-26 00:00:00,726.97,723.27,728.53,722.07,8640,0
2015-10-25 00:00:00,724.46,731.4,731.4,719.68,13700,0
2015-10-21 00:00:00,720.64,726.26,733.13,720.28,19380,0
2015-10-20 00:00:00,723.51,729.24,753.15,721.18,31590,0
2015-10-19 00:00:00,718.25,725.24,726.26,717.89,17150,0
2015-10-18 00:00:00,721.71,720.28,727.75,717.89,32320,0
2015-10-15 00:00:00,721.77,721.47,733.43,718.25,27320,0
2015-10-14 00:00:00,722.55,740.6,740.6,720.88,35250,0
2015-10-13 00:00:00,727.99,732.23,735.04,726.26,14230,0
2015-10-12 00:00:00,731.46,735.22,736.78,728.35,13100,0
2015-10-11 00:00:00,732.89,745.08,745.08,729.24,8830,0
2015-10-08 00:00:00,728.59,741.2,741.2,723.27,31950,0
2015-10-07 00:00:00,738.81,737.08,742.69,736.48,21260,0
2015-10-06 00:00:00,739.88,741.5,742.69,737.02,19330,0
2015-10-05 00:00:00,741.92,745.98,747.48,740,18730,0
2015-10-04 00:00:00,745.68,748.91,748.91,745.03,31360,0
2015-10-01 00:00:00,747.06,750.76,750.76,746.22,27780,0
2015-09-30 00:00:00,747.24,750.76,752.98,747.06,49630,0
2015-09-29 00:00:00,749.93,749.57,753.15,747.24,36890,0
2015-09-28 00:00:00,747.54,749.27,749.27,744.19,15200,0
2015-09-22 00:00:00,744.67,745.98,746.28,742.16,30870,0
2015-09-21 00:00:00,742.57,746.28,753.15,741.02,38100,0
2015-09-20 00:00:00,744.73,750.17,754.29,741.98,36020,0
2015-09-17 00:00:00,747.83,756.02,756.02,747.18,20160,0
2015-09-16 00:00:00,750.94,756.08,760.93,747.24,23840,0
2015-09-15 00:00:00,755.66,741.8,765.95,741.8,36720,0
2015-09-14 00:00:00,760.15,750.17,765.71,744.19,111340,0
2015-09-13 00:00:00,739.71,738.21,748.37,735.22,47700,0
2015-09-10 00:00:00,731.04,731.64,741.8,729.42,30020,0
2015-09-09 00:00:00,745.62,728.05,748.37,728.05,34780,0
2015-09-08 00:00:00,740.9,744.79,744.79,735.22,8380,0
2015-09-07 00:00:00,744.67,753.15,753.15,741.5,17970,0
2015-09-06 00:00:00,741.38,722.07,744.19,722.01,44860,0
2015-09-03 00:00:00,720.64,722.97,722.97,718.55,16470,0
2015-09-02 00:00:00,720.28,723.27,723.27,717.29,10380,0
2015-09-01 00:00:00,722.01,722.07,726.2,721.18,11060,0
2015-08-31 00:00:00,723.87,723.27,726.08,720.88,5820,0
2015-08-30 00:00:00,722.07,724.52,727.45,720.34,10380,0
2015-08-27 00:00:00,722.79,717.29,725.6,717.29,4450,0
2015-08-26 00:00:00,716.75,717.95,720.88,714.9,28730,0
2015-08-25 00:00:00,721.65,720.94,726.26,720.34,7740,0
2015-08-24 00:00:00,724.94,723.27,728.11,722.07,10250,0
2015-08-23 00:00:00,723.92,729.19,729.19,722.67,8040,0
2015-08-20 00:00:00,726.2,735.82,735.82,723.33,20640,0
2015-08-19 00:00:00,738.69,721.47,744.19,717.29,25410,0
2015-08-18 00:00:00,722.55,722.07,731.34,720.88,19870,0
2015-08-17 00:00:00,725.96,734.39,734.92,722.07,14390,0
2015-08-16 00:00:00,731.87,752.26,752.26,730.56,22410,0
2015-08-13 00:00:00,724.58,747.18,757.28,720.94,29020,0
2015-08-12 00:00:00,749.69,763.32,763.32,741.8,26560,0
2015-08-11 00:00:00,746.7,768.1,771.03,744.79,27110,0
2015-08-10 00:00:00,749.51,744.19,762.6,729.84,19930,0
2015-08-09 00:00:00,751.3,767.38,776.47,747.18,49690,0
2015-08-06 00:00:00,755.43,773.48,773.48,752.56,49470,0
2015-08-05 00:00:00,763.32,769.11,786.03,762.24,70760,0
2015-08-04 00:00:00,767.2,762.12,774.08,750.94,44180,0
2015-08-03 00:00:00,771.8,742.99,775.27,742.99,105750,0
2015-08-02 00:00:00,743.35,726.2,756.14,725.66,51240,0
2015-07-30 00:00:00,716.69,747.18,759.13,707.73,73670,0
2015-07-29 00:00:00,752.44,777.66,786.63,744.19,78190,0
2015-07-28 00:00:00,768.1,775.87,795,747.24,111330,0
2015-07-27 00:00:00,768.34,759.49,806.95,741.26,253450,0
2015-07-26 00:00:00,759.49,717.29,760.09,717.29,275280,0
2015-07-23 00:00:00,715.38,681.43,715.38,675.45,188010,0
2015-07-22 00:00:00,673.3,643.77,681.43,643.77,130890,0
2015-07-21 00:00:00,645.56,616.93,650.94,616.27,51990,0
2015-07-14 00:00:00,626.61,606.71,630.02,602.52,35210,0
2015-07-13 00:00:00,604.38,602.52,606.71,599.65,14920,0
2015-07-12 00:00:00,603,601.57,609.04,600.73,12620,0
2015-07-09 00:00:00,606.11,604.91,609.1,600.73,19620,0
2015-07-08 00:00:00,601.81,597.62,603.72,597.02,27450,0
2015-07-07 00:00:00,594.63,590.57,597.14,587.04,11310,0
2015-07-06 00:00:00,590.87,589.43,592.96,589.43,12730,0
2015-07-05 00:00:00,590.33,596.55,596.55,587.28,21860,0
2015-07-02 00:00:00,597.14,585.79,602.46,585.79,89050,0
2015-06-30 00:00:00,594.1,597.62,599.53,579.81,112790,0
2015-06-29 00:00:00,589.43,578.26,596.55,574.13,101500,0
2015-06-28 00:00:00,578.26,573.83,579.81,571.14,23860,0
2015-06-25 00:00:00,573.47,573.83,575.45,570.84,10730,0
2015-06-24 00:00:00,574.13,571.44,574.97,570.84,12340,0
2015-06-23 00:00:00,573.29,570.9,575.63,570.9,13500,0
2015-06-22 00:00:00,569.17,567.85,570.84,567.85,9880,0
2015-06-21 00:00:00,568.15,570.25,573.83,565.64,27890,0
2015-06-18 00:00:00,569.05,572.04,573.95,566.78,26600,0
2015-06-17 00:00:00,574.73,578.55,582.8,572.7,31640,0
2015-06-16 00:00:00,573.29,574.13,574.67,569.05,9940,0
2015-06-15 00:00:00,573.41,579.81,585.79,569.65,29620,0
2015-06-14 00:00:00,583.99,596.96,600.73,581,69690,0
2015-06-11 00:00:00,591.76,582.74,594.75,576.88,78570,0
2015-06-10 00:00:00,576.58,576.82,579.81,572.76,19020,0
2015-06-09 00:00:00,572.46,566.6,583.99,563.07,47310,0
2015-06-08 00:00:00,566.6,560.68,567.85,558.89,50140,0
2015-06-07 00:00:00,553.75,558.89,558.89,552.91,17510,0
2015-06-04 00:00:00,555.24,555.9,567.85,543.35,35960,0
2015-06-02 00:00:00,554.76,534.98,571.5,533.96,73480,0
2015-06-01 00:00:00,534.38,531.99,537.79,530.79,26520,0
2015-05-31 00:00:00,532.41,532.35,534.98,528.4,30330,0
2015-05-28 00:00:00,532.35,535.52,536.77,531.99,21100,0
2015-05-27 00:00:00,533.96,536.77,537.37,531.09,23530,0
2015-05-26 00:00:00,532.71,531.99,536.17,529,21200,0
2015-05-25 00:00:00,531.87,534.38,534.56,530.68,6280,0
2015-05-24 00:00:00,531.27,532.89,533.19,530.79,17400,0
2015-05-21 00:00:00,529.6,533.78,533.78,528.4,23760,0
2015-05-20 00:00:00,528.88,534.98,536.17,527.81,30980,0
2015-05-19 00:00:00,526.49,527.21,531.99,521.83,46320,0
2015-05-18 00:00:00,527.15,530.79,530.79,526.01,29130,0
2015-05-17 00:00:00,531.09,536.17,536.17,523.02,40970,0
2015-05-14 00:00:00,533.28,533.98,535.43,531.04,52680,0
2015-05-13 00:00:00,531.19,532.99,535.48,528.75,41250,0
2015-05-12 00:00:00,528.65,524.62,530.99,524.02,34660,0
2015-05-11 00:00:00,529.3,537.97,537.97,528.6,24770,0
2015-05-10 00:00:00,533.78,533.04,536.87,532.64,23670,0
2015-05-07 00:00:00,535.83,530.5,537.97,518.09,32610,0
2015-05-06 00:00:00,521.48,523.02,531.99,513.06,57730,0
2015-05-05 00:00:00,512.96,517.54,517.54,508.68,13880,0
2015-05-04 00:00:00,511.82,516.2,521.53,509.13,19830,0
2015-04-30 00:00:00,515.65,539.96,539.96,510.57,35220,0
2015-04-29 00:00:00,515.5,542.95,542.95,514.06,61050,0
2015-04-27 00:00:00,542.8,549.92,549.92,540.46,37900,0
2015-04-26 00:00:00,547.13,548.43,551.91,545.69,31110,0
2015-04-23 00:00:00,549.08,549.72,554.9,548.08,17020,0
2015-04-22 00:00:00,549.13,552.91,552.91,545.44,12790,0
2015-04-21 00:00:00,549.92,556.4,556.4,549.42,39280,0
2015-04-20 00:00:00,557.79,551.42,562.33,551.42,12370,0
2015-04-19 00:00:00,562.08,553.46,567.8,553.46,19220,0
2015-04-16 00:00:00,553.76,552.91,557.79,546.44,39500,0
2015-04-15 00:00:00,554.45,565.36,567.31,547.93,36580,0
2015-04-13 00:00:00,568.15,572.84,576.27,567.01,42950,0
2015-04-12 00:00:00,569.95,577.32,578.81,567.85,68540,0
2015-04-09 00:00:00,577.87,576.32,581.2,576.32,53330,0
2015-04-08 00:00:00,577.77,580.81,582.75,576.82,49980,0
2015-04-07 00:00:00,579.86,588.78,589.57,573.83,35210,0
2015-04-06 00:00:00,578.96,573.33,582.25,572.84,65770,0
2015-04-05 00:00:00,575.58,580.06,580.06,570.44,36080,0
2015-04-02 00:00:00,572.98,582.8,582.8,570.84,40670,0
2015-04-01 00:00:00,575.87,573.33,579.81,569.1,46850,0
2015-03-31 00:00:00,572.09,580.91,580.91,569.35,41660,0
2015-03-30 00:00:00,581.15,577.57,592.71,577.57,56520,0
2015-03-29 00:00:00,576.12,567.85,577.82,565.41,83890,0
2015-03-25 00:00:00,566.26,567.85,569.85,563.02,14520,0
2015-03-24 00:00:00,568.2,564.37,572.34,562.87,47410,0
2015-03-23 00:00:00,566.46,564.37,567.85,560.88,26260,0
2015-03-22 00:00:00,564.52,568.65,570.3,557.89,39270,0
2015-03-19 00:00:00,566.26,571.34,571.34,563.12,58960,0
2015-03-18 00:00:00,566.41,567.36,572.24,562.87,73640,0
2015-03-16 00:00:00,558.19,549.77,560.33,539.26,41840,0
2015-03-15 00:00:00,548.28,547.93,551.91,546.44,22230,0
2015-03-12 00:00:00,547.43,554.9,555.35,545.74,24320,0
2015-03-11 00:00:00,546.88,545.44,555.3,545.44,13300,0
2015-03-10 00:00:00,545.84,551.91,551.91,545.44,8180,0
2015-03-09 00:00:00,548.08,549.42,552.41,539.96,11140,0
2015-03-08 00:00:00,548.58,550.42,555.4,545.49,24070,0
2015-03-05 00:00:00,539.76,555.4,555.4,538.96,34360,0
2015-03-04 00:00:00,554.16,558.39,564.37,553.01,27770,0
2015-03-03 00:00:00,563.37,567.85,567.85,560.88,36880,0
2015-03-02 00:00:00,569.3,558.44,570.34,558.44,38020,0
2015-03-01 00:00:00,557.94,576.82,576.82,551.42,82760,0
2015-02-26 00:00:00,570.2,577.82,582.2,568.85,61250,0
2015-02-25 00:00:00,576.92,567.36,579.66,566.91,75690,0
2015-02-24 00:00:00,566.51,557.89,567.36,543.45,73950,0
2015-02-23 00:00:00,547.33,532.44,550.42,532.44,54330,0
2015-02-22 00:00:00,529.4,526.01,531.24,524.22,14320,0
2015-02-19 00:00:00,526.21,525.51,528,522.33,14850,0
2015-02-18 00:00:00,522.72,522.03,525.27,520.08,10310,0
2015-02-17 00:00:00,525.56,520.53,528,515.55,13720,0
2015-02-16 00:00:00,521.93,530.5,530.5,518.04,20430,0
2015-02-15 00:00:00,515.8,518.04,518.94,511.57,23040,0
2015-02-12 00:00:00,518.89,513.06,522.53,511.82,35780,0
2015-02-11 00:00:00,511.67,508.03,517.54,506.09,23080,0
2015-02-10 00:00:00,510.52,523.02,523.02,498.62,38700,0
2015-02-09 00:00:00,501.41,489.15,505.59,488.8,9980,0
2015-02-08 00:00:00,491.29,487.16,492.14,487.16,2390,0
2015-02-05 00:00:00,488.7,493.09,493.09,488.16,30870,0
2015-02-04 00:00:00,489.95,493.14,493.14,487.66,41570,0
2015-02-03 00:00:00,492.89,494.18,495.63,492.29,16270,0
2015-02-02 00:00:00,497.27,495.08,498.62,493.39,8630,0
2015-02-01 00:00:00,495.73,496.13,496.13,492.39,17060,0
2015-01-29 00:00:00,494.83,492.89,496.13,491.74,8130,0
2015-01-28 00:00:00,492.94,493.14,493.14,491.19,9310,0
2015-01-27 00:00:00,492.99,496.13,496.13,492.14,13500,0
2015-01-26 00:00:00,495.13,494.88,496.57,494.18,8160,0
2015-01-25 00:00:00,494.88,492.19,496.87,492.14,13040,0
2015-01-22 00:00:00,493.98,497.52,497.52,493.88,14430,0
2015-01-21 00:00:00,494.93,497.62,498.12,494.63,15020,0
2015-01-20 00:00:00,497.42,497.97,498.12,495.68,9240,0
2015-01-19 00:00:00,498.02,498.62,498.87,497.27,8810,0
2015-01-18 00:00:00,497.67,500.61,500.61,495.63,17070,0
2015-01-15 00:00:00,498.57,500.11,501.85,497.67,29240,0
2015-01-14 00:00:00,498.91,499.61,499.61,497.12,12390,0
2015-01-13 00:00:00,498.67,500.11,500.11,496.62,7110,0
2015-01-12 00:00:00,499.91,499.11,500.51,496.18,11430,0
2015-01-11 00:00:00,499.06,498.12,501.11,495.13,33510,0
2015-01-08 00:00:00,494.98,495.63,495.63,490.65,7130,0
2015-01-07 00:00:00,490.05,490.15,494.58,486.16,6130,0
2015-01-06 00:00:00,492.99,484.67,494.13,484.67,7270,0
2015-01-05 00:00:00,490.15,484.67,493.14,484.67,8550,0
2015-01-01 00:00:00,485.76,480.19,487.16,478.19,4680,0
2014-12-30 00:00:00,485.62,473.26,487.16,473.26,8280,0
2014-12-29 00:00:00,484.57,485.12,486.66,483.42,9810,0
2014-12-28 00:00:00,483.27,484.17,485.17,483.07,9260,0
2014-12-24 00:00:00,483.92,484.67,487.66,482.18,7030,0
2014-12-23 00:00:00,485.02,485.07,487.16,480.98,7340,0
2014-12-22 00:00:00,485.07,489.9,489.9,483.72,7090,0
2014-12-21 00:00:00,485.27,488.65,494.53,478.19,18120,0
2014-12-18 00:00:00,490.7,479.79,494.63,479.74,19110,0
2014-12-17 00:00:00,482.48,476.25,483.17,476.25,8050,0
2014-12-15 00:00:00,480.09,478.19,483.67,475.7,5860,0
2014-12-14 00:00:00,477.1,478.24,483.92,470.72,47980,0
2014-12-11 00:00:00,478.19,493.14,493.14,473.21,95560,0
2014-12-10 00:00:00,490.15,488.7,492.64,483.22,33230,0
2014-12-09 00:00:00,487.61,489.65,489.65,486.76,9840,0
2014-12-08 00:00:00,489.75,493.14,495.63,487.46,10440,0
2014-12-07 00:00:00,495.43,495.63,496.62,493.14,12750,0
2014-12-03 00:00:00,493.14,488.65,494.08,488.65,7230,0
2014-12-02 00:00:00,486.86,483.67,488.16,483.17,7830,0
2014-12-01 00:00:00,482.98,485.71,486.16,481.58,9540,0
2014-11-30 00:00:00,486.66,488.65,490,485.66,5420,0
2014-11-27 00:00:00,485.86,489.15,492.14,485.66,7730,0
2014-11-26 00:00:00,485.91,493.14,498.12,483.17,8030,0
2014-11-25 00:00:00,488.95,494.38,494.38,486.16,10740,0
2014-11-24 00:00:00,494.08,497.62,498.12,493.14,5920,0
2014-11-23 00:00:00,497.22,500.61,500.61,493.78,6620,0
2014-11-20 00:00:00,496.27,502.5,502.6,495.38,9130,0
2014-11-19 00:00:00,496.57,496.18,498.12,496.18,7730,0
2014-11-18 00:00:00,495.98,497.12,500.01,494.18,21380,0
2014-11-17 00:00:00,496.42,497.62,499.61,495.63,14660,0
2014-11-16 00:00:00,498.27,497.12,500.36,496.37,18970,0
2014-11-13 00:00:00,490.45,496.67,496.67,488.65,51390,0
2014-11-12 00:00:00,496.67,498.12,498.12,495.68,19670,0
2014-11-11 00:00:00,496.27,493.98,498.12,492.19,14050,0
2014-11-10 00:00:00,490.2,489.25,497.57,489.25,19980,0
2014-11-09 00:00:00,498.62,502.8,502.8,495.63,7830,0
2014-11-06 00:00:00,493.04,507.08,507.08,490.65,25400,0
2014-11-05 00:00:00,503,503.1,506.54,501.7,15160,0
2014-11-03 00:00:00,504.69,510.02,512.51,503.1,16960,0
2014-11-02 00:00:00,509.38,510.97,511.57,498.62,39850,0
2014-10-30 00:00:00,507.98,504.15,509.57,504.15,22180,0
2014-10-29 00:00:00,508.58,511.57,511.57,506.59,24990,0
2014-10-28 00:00:00,509.23,504.1,510.57,504.1,17870,0
2014-10-27 00:00:00,509.18,505.59,512.07,504.89,18270,0
2014-10-26 00:00:00,502.7,504.15,510.57,500.96,20180,0
2014-10-23 00:00:00,505.44,512.56,513.06,503.1,18070,0
2014-10-22 00:00:00,504.15,504.54,509.82,501.6,22590,0
2014-10-21 00:00:00,495.63,498.22,500.61,488.7,33730,0
2014-10-20 00:00:00,502.2,513.06,513.06,499.21,45570,0
2014-10-19 00:00:00,517.35,519.64,522.03,513.56,45570,0
2014-10-16 00:00:00,518.94,500.61,523.02,499.71,72670,0
2014-10-15 00:00:00,498.22,496.62,501.55,493.63,42960,0
2014-10-14 00:00:00,495.08,493.14,498.12,485.71,43870,0
2014-10-13 00:00:00,491.94,487.66,494.63,487.66,17670,0
2014-10-12 00:00:00,486.51,492.64,493.14,485.66,23190,0
2014-10-02 00:00:00,489.2,482.68,493.63,481.68,29410,0
2014-10-01 00:00:00,478.99,477.2,480.68,476.2,15360,0
2014-09-30 00:00:00,477,485.66,485.66,473.21,27400,0
2014-09-29 00:00:00,480.53,476.7,487.16,476.5,37340,0
2014-09-28 00:00:00,475.65,476.7,480.19,473.81,28810,0
2014-09-25 00:00:00,473.31,485.66,487.31,473.16,43760,0
2014-09-24 00:00:00,481.98,480.43,483.17,478.04,34130,0
2014-09-23 00:00:00,478.59,485.66,485.66,477.2,32920,0
2014-09-22 00:00:00,482.68,488.65,488.65,480.93,34330,0
2014-09-21 00:00:00,489.95,487.26,491.14,485.71,41960,0
2014-09-18 00:00:00,486.76,483.97,497.12,483.97,30210,0
2014-09-17 00:00:00,483.67,490.65,490.65,483.17,109110,0
2014-09-16 00:00:00,489.15,493.63,495.63,488.16,44270,0
2014-09-15 00:00:00,493.63,498.12,501.6,493.14,90140,0
2014-09-14 00:00:00,499.61,498.12,507.58,488.45,203770,0
2014-09-11 00:00:00,497.47,481.18,508.08,481.18,395190,0
2014-09-10 00:00:00,481.28,477.2,488.16,474.31,128080,0
2014-09-09 00:00:00,472.27,469.48,474.21,468.23,29910,0
2014-09-08 00:00:00,468.93,472.22,479.69,467.98,101980,0
2014-09-07 00:00:00,466.44,466.69,469.23,464.99,29410,0
2014-09-04 00:00:00,464.79,472.71,475.7,463.8,57720,0
2014-09-03 00:00:00,468.68,468.18,481.18,466.54,200860,0
2014-09-02 00:00:00,462.2,465.34,468.13,459.81,80700,0
2014-09-01 00:00:00,460.66,456.77,465.19,454.93,96970,0
2014-08-31 00:00:00,458.27,465.64,465.74,455.38,46470,0
2014-08-28 00:00:00,462.45,454.28,464.74,450.85,47380,0
2014-08-27 00:00:00,452.89,456.77,457.27,451.64,24790,0
2014-08-26 00:00:00,450.95,461.81,465.74,449.85,50590,0
2014-08-25 00:00:00,461.46,454.53,468.23,454.53,58520,0
2014-08-24 00:00:00,454.73,452.14,456.62,452.09,51790,0
2014-08-21 00:00:00,452.14,451.29,455.53,448.6,34430,0
2014-08-20 00:00:00,449.65,445.32,451.79,445.32,49490,0
2014-08-19 00:00:00,445.32,449.35,451.94,440.93,33330,0
2014-08-18 00:00:00,449.8,450.35,452.14,449.4,40950,0
2014-08-14 00:00:00,450.05,455.28,455.28,448.9,18170,0
2014-08-13 00:00:00,449.6,451.34,453.29,448.41,41660,0
2014-08-12 00:00:00,451.05,453.34,456.28,449.9,40450,0
2014-08-11 00:00:00,451.34,452.79,460.76,450.45,43360,0
2014-08-10 00:00:00,450.35,448.8,452.64,446.81,34630,0
2014-08-07 00:00:00,450.8,450.05,454.23,449.8,29210,0
2014-08-06 00:00:00,451.69,456.28,456.28,450.9,26000,0
2014-08-05 00:00:00,454.53,453.79,456.77,452.09,30720,0
2014-08-04 00:00:00,452.89,448.31,454.78,448.31,26700,0
2014-08-03 00:00:00,451.84,450.3,455.73,450.3,20680,0
2014-07-24 00:00:00,449.85,456.77,459.76,449,36940,0
2014-07-23 00:00:00,456.72,455.93,463.3,452.29,66150,0
2014-07-22 00:00:00,455.93,457.27,458.77,451.54,43060,0
2014-07-21 00:00:00,454.83,449.3,455.53,448.41,51790,0
2014-07-20 00:00:00,447.96,450.8,455.78,446.31,45270,0
2014-07-17 00:00:00,450.8,438.34,455.78,438.34,75680,0
2014-07-16 00:00:00,443.08,444.77,448.21,441.08,47580,0
2014-07-15 00:00:00,443.87,444.82,448.8,437.35,51900,0
2014-07-14 00:00:00,434.21,439.34,441.58,433.36,20380,0
2014-07-13 00:00:00,441.33,428.88,443.32,428.88,39150,0
2014-07-10 00:00:00,433.36,426.89,435.35,426.44,38240,0
2014-07-09 00:00:00,426.64,428.38,430.22,425.89,20280,0
2014-07-08 00:00:00,428.13,433.86,435.85,427.43,24790,0
2014-07-07 00:00:00,433.86,424.55,436.85,424.55,25700,0
2014-07-06 00:00:00,430.62,441.38,441.83,428.93,41560,0
2014-07-03 00:00:00,439.84,463.3,463.3,438.69,49290,0
2014-07-02 00:00:00,462.55,439.84,469.68,437.85,195640,0
2014-06-30 00:00:00,438.69,411.94,443.37,411.94,91140,0
2014-06-29 00:00:00,414.43,416.43,416.43,413.49,61130,0
2014-06-26 00:00:00,415.98,421.01,421.01,414.93,40550,0
2014-06-25 00:00:00,421.21,421.91,424.89,420.26,23090,0
2014-06-24 00:00:00,421.06,416.92,423.4,415.48,13850,0
2014-06-23 00:00:00,414.73,413.99,418.42,413.69,32920,0
2014-06-22 00:00:00,418.12,417.07,420.66,411.69,14550,0
2014-06-19 00:00:00,417.07,414.18,418.42,412.59,24790,0
2014-06-18 00:00:00,414.09,415.93,420.91,411.45,23390,0
2014-06-17 00:00:00,416.78,423.4,423.4,415.93,16260,0
2014-06-16 00:00:00,421.61,428.43,428.43,417.92,29810,0
2014-06-15 00:00:00,428.98,436.35,437.35,427.04,23090,0
2014-06-12 00:00:00,431.17,435.9,440.83,429.38,22480,0
2014-06-11 00:00:00,435.7,436.85,439.84,434.46,26500,0
2014-06-10 00:00:00,436.45,437.85,444.82,435.35,41150,0
2014-06-09 00:00:00,435.8,446.81,446.81,430.87,37140,0
2014-06-08 00:00:00,440.78,451.29,457.12,438.74,60530,0
2014-06-05 00:00:00,445.02,455.38,459.76,443.37,54610,0
2014-06-04 00:00:00,454.83,473.21,473.21,453.29,62230,0
2014-06-03 00:00:00,467.58,463.2,470.17,456.77,74280,0
2014-06-02 00:00:00,455.98,443.32,460.26,435.95,78900,0
2014-06-01 00:00:00,437.1,434.36,440.34,428.38,55510,0
2014-05-29 00:00:00,432.67,435.75,440.34,429.43,47180,0
2014-05-28 00:00:00,429.08,418.42,430.87,418.42,52000,0
2014-05-27 00:00:00,418.17,416.78,420.41,416.78,14450,0
2014-05-26 00:00:00,416.78,415.93,419.37,415.43,22280,0
2014-05-25 00:00:00,415.23,424.4,427.39,412.49,24090,0
2014-05-22 00:00:00,421.06,418.42,422.4,414.98,50990,0
2014-05-21 00:00:00,409.3,409.95,412.14,404.97,32520,0
2014-05-20 00:00:00,411.89,420.41,420.41,410.95,17870,0
2014-05-19 00:00:00,419.37,420.91,424.89,418.42,37240,0
2014-05-18 00:00:00,423.8,443.32,443.32,421.41,45470,0
2014-05-15 00:00:00,446.06,472.71,472.71,443.32,70970,0
2014-05-14 00:00:00,445.8,451.1,455.44,444.32,139270,0
2014-05-12 00:00:00,455.84,467.43,472.22,453.09,78170,0
2014-05-11 00:00:00,466.08,455.2,470.22,454.68,97120,0
2014-05-08 00:00:00,454.4,459.07,465.8,452.29,71770,0
2014-05-07 00:00:00,458.83,474.21,474.45,454.28,142660,0
2014-05-06 00:00:00,477.48,498.12,498.12,475.01,133380,0
2014-05-05 00:00:00,494.13,478.19,497.92,460.26,607160,0
2014-05-04 00:00:00,467.39,459.07,469.78,454.68,241910,0
2014-04-30 00:00:00,452.81,450.7,463.85,446.71,150190,0
2014-04-29 00:00:00,450.7,474.21,475.01,447.35,146930,0
2014-04-28 00:00:00,468.47,456.28,469.43,448.78,319700,0
2014-04-27 00:00:00,442.05,427.54,442.05,425.99,251570,0
2014-04-24 00:00:00,416.07,416.43,422.01,412.04,62230,0
2014-04-23 00:00:00,415.11,422.4,424.79,413.64,96990,0
2014-04-22 00:00:00,416.03,425.19,425.99,414.71,60730,0
2014-04-21 00:00:00,419.57,424.4,438.34,416.83,91220,0
2014-04-20 00:00:00,432.84,446.31,449.9,429.62,149060,0
2014-04-17 00:00:00,442.57,450.3,452.69,439.66,181060,0
2014-04-16 00:00:00,446.15,429.58,447.91,428.38,145420,0
2014-04-15 00:00:00,430.06,425.39,432.76,419.22,88080,0
2014-04-13 00:00:00,423.56,422.01,435.95,418.02,161480,0
2014-04-10 00:00:00,419.1,420.81,438.34,410.85,237270,0
2014-04-09 00:00:00,413.48,398.49,414.43,396.5,119200,0
2014-04-08 00:00:00,395.35,391.8,398.89,391.8,52070,0
2014-04-07 00:00:00,397.22,409.25,409.25,393.71,47550,0
2014-04-06 00:00:00,406.42,401.68,409.61,398.49,118700,0
2014-04-03 00:00:00,397.46,382.55,398.1,380.36,71390,0
2014-04-02 00:00:00,377.53,372.99,380.56,372.59,24220,0
2014-04-01 00:00:00,374.07,374.58,374.66,373.19,15680,0
2014-03-31 00:00:00,375.22,378.57,379.92,373.27,23970,0
2014-03-30 00:00:00,377.37,371.64,382.55,370.68,27100,0
2014-03-27 00:00:00,372.03,378.61,381.76,371,43660,0
2014-03-25 00:00:00,380,390.4,390.4,376.98,24720,0
2014-03-24 00:00:00,390.4,396.5,398.45,389.41,32870,0
2014-03-23 00:00:00,393.87,406.46,406.46,392.92,56590,0
2014-03-20 00:00:00,400.81,392.52,404.47,392.52,46680,0
2014-03-19 00:00:00,394.99,396.58,396.9,392.52,42160,0
2014-03-18 00:00:00,397.54,398.49,400.45,396.58,37140,0
2014-03-16 00:00:00,398.18,399.69,406.07,396.9,50190,0
2014-03-13 00:00:00,397.1,407.66,407.66,396.5,43410,0
2014-03-12 00:00:00,398.53,414.43,414.43,396.9,63610,0
2014-03-11 00:00:00,407.7,412.48,418.42,405.07,64740,0
2014-03-10 00:00:00,409.73,408.06,413.52,405.43,43920,0
2014-03-09 00:00:00,399.21,405.27,406.34,391.32,65870,0
2014-03-06 00:00:00,400.85,408.46,410.45,398.89,109290,0
2014-03-05 00:00:00,408.42,413.04,420.81,406.46,85200,0
2014-03-04 00:00:00,417.54,399.33,422.4,399.33,135890,0
2014-03-03 00:00:00,404.35,389.73,408.82,387.81,194480,0
2014-03-02 00:00:00,384.99,390.52,390.52,383.59,53950,0
2014-02-27 00:00:00,387.3,378.57,390.52,378.57,130490,0
2014-02-26 00:00:00,379.65,378.57,382.55,376.66,84440,0
2014-02-25 00:00:00,379.61,384.55,384.55,376.62,50440,0
2014-02-24 00:00:00,382.08,387.73,392.92,380.8,145670,0
2014-02-23 00:00:00,383.31,364.62,386.54,364.62,78800,0
2014-02-20 00:00:00,367.01,372.59,373.79,364.62,101630,0
2014-02-19 00:00:00,371.08,377.77,380.16,367.09,106280,0
2014-02-18 00:00:00,376.18,376.62,381.76,375.02,76410,0
2014-02-17 00:00:00,381.24,389.33,389.33,377.77,85700,0
2014-02-16 00:00:00,381.04,380.56,390.13,377.37,222210,0
2014-02-13 00:00:00,373.95,378.57,379.33,371.04,186330,0
2014-02-12 00:00:00,379.84,386.94,394.55,374.58,344420,0
2014-02-11 00:00:00,386.94,362.15,387.06,362.15,277920,0
2014-02-10 00:00:00,362.15,346.29,362.15,340.31,253200,0
2014-02-09 00:00:00,337.29,322.78,340.71,320.87,316570,0
2014-02-06 00:00:00,321.58,322.78,326.37,320.79,63990,0
2014-02-05 00:00:00,325.29,323.18,326.77,323.18,49060,0
2014-02-04 00:00:00,322.22,325.65,326.77,320.79,55080,0
2014-02-03 00:00:00,325.53,334.34,334.34,324.77,42160,0
2014-02-02 00:00:00,324.14,326.77,328.32,323.62,52570,0
2014-01-30 00:00:00,326.29,334.74,334.74,325.17,29490,0
2014-01-29 00:00:00,330.07,329.16,333.1,328.76,39150,0
2014-01-28 00:00:00,329.71,338.72,338.72,325.97,43290,0
2014-01-27 00:00:00,327.24,336.29,336.29,325.85,35380,0
2014-01-26 00:00:00,328.36,327.96,332.74,326.96,41780,0
2014-01-23 00:00:00,326.05,324.37,327.96,321.19,46170,0
2014-01-22 00:00:00,318.24,314.77,320.79,310.87,56590,0
2014-01-21 00:00:00,309.75,313.22,313.61,308.63,18700,0
2014-01-20 00:00:00,307.6,306.84,311.22,306.32,17690,0
2014-01-19 00:00:00,307.64,309.23,309.55,305.84,30240,0
2014-01-16 00:00:00,307.52,313.22,313.22,305.45,32750,0
2014-01-15 00:00:00,307,308.83,312.82,305.25,33750,0
2014-01-13 00:00:00,305.96,295.28,306.84,295.28,62490,0
2014-01-12 00:00:00,294.49,298.87,298.87,294.21,14810,0
2014-01-09 00:00:00,292.3,294.89,294.89,290.94,14180,0
2014-01-08 00:00:00,294.21,290.5,296.84,288.91,14930,0
2014-01-07 00:00:00,290.06,289.31,290.9,287.95,14680,0
2014-01-06 00:00:00,287.87,288.91,288.91,287.31,6900,0